party,name,state,district,twitter_username,twitter_id,source_url,included_in_balanced_corpus,exclusion_reason
Democratic,Alma Adams,NC,12,RepAdams,,https://pressgallery.house.gov/member-data/members-official-x-handles-119th-congress,,
Republican,Robert Aderholt,AL,04,Robert_Aderholt,,https://pressgallery.house.gov/member-data/members-official-x-handles-119th-congress,,
Democratic,Pete Aguilar,CA,33,RepPeteAguilar,,https://pressgallery.house.gov/member-data/members-official-x-handles-119th-congress,,
Republican,Mark Alford,MO,04,RepMarkAlford,,https://pressgallery.house.gov/member-data/members-official-x-handles-119th-congress,,
Republican,Rick Allen,GA,12,RepRickAllen,,https://pressgallery.house.gov/member-data/members-official-x-handles-119th-congress,,
Democratic,Gabe Amo,RI,01,RepGabeAmo,,https://pressgallery.house.gov/member-data/members-official-x-handles-119th-congress,,
Republican,Mark Amodei,NV,02,MarkAmodeiNV2,,https://pressgallery.house.gov/member-data/members-official-x-handles-119th-congress,,
Democratic,Yassamin Ansari,AZ,03,RepYassAnsari,,https://pressgallery.house.gov/member-data/members-official-x-handles-119th-congress,,
Republican,Jodey Arrington,TX,19,RepArrington,,https://pressgallery.house.gov/member-data/members-official-x-handles-119th-congress,,
Democratic,Jake Auchincloss,MA,04,RepAuchincloss,,https://pressgallery.house.gov/member-data/members-official-x-handles-119th-congress,,
Republican,Brian Babin,TX,36,RepBrianBabin,,https://pressgallery.house.gov/member-data/members-official-x-handles-119th-congress,,
Republican,Don Bacon,NE,02,RepDonBacon,,https://pressgallery.house.gov/member-data/members-official-x-handles-119th-congress,,
Republican,James Baird,IN,04,RepJimBaird,,https://pressgallery.house.gov/member-data/members-official-x-handles-119th-congress,,
Republican,Troy Balderson,OH,12,RepBalderson,,https://pressgallery.house.gov/member-data/members-official-x-handles-119th-congress,,
Democratic,Becca Balint,VT,00,RepBeccaB,,https://pressgallery.house.gov/member-data/members-official-x-handles-119th-congress,,
Republican,Andy Barr,KY,06,RepAndyBarr,,https://pressgallery.house.gov/member-data/members-official-x-handles-119th-congress,,
Democratic,Nanette Barragán,CA,44,RepBarragan,,https://pressgallery.house.gov/member-data/members-official-x-handles-119th-congress,,
Republican,Tom Barrett,MI,07,RepTomBarrett,,https://pressgallery.house.gov/member-data/members-official-x-handles-119th-congress,,
Republican,Michael Baumgartner,WA,05,RepBaumgartner,,https://pressgallery.house.gov/member-data/members-official-x-handles-119th-congress,,
Republican,Aaron Bean,FL,04,RepAaronBean,,https://pressgallery.house.gov/member-data/members-official-x-handles-119th-congress,,
Democratic,Joyce Beatty,OH,03,RepBeatty,,https://pressgallery.house.gov/member-data/members-official-x-handles-119th-congress,,
Republican,Nick Begich,AK,00,RepNickBegich,,https://pressgallery.house.gov/member-data/members-official-x-handles-119th-congress,,
Democratic,Wesley Bell,MO,01,RepWesleyBellMO,,https://pressgallery.house.gov/member-data/members-official-x-handles-119th-congress,,
Republican,Cliff Bentz,OR,02,RepBentz,,https://pressgallery.house.gov/member-data/members-official-x-handles-119th-congress,,
Democratic,Ami Bera,CA,06,RepBera,,https://pressgallery.house.gov/member-data/members-official-x-handles-119th-congress,,
Republican,Jack Bergman,MI,01,RepJackBergman,,https://pressgallery.house.gov/member-data/members-official-x-handles-119th-congress,,
Democratic,Donald Beyer,VA,08,RepDonBeyer,,https://pressgallery.house.gov/member-data/members-official-x-handles-119th-congress,,
Republican,Stephanie Bice,OK,05,RepBice,,https://pressgallery.house.gov/member-data/members-official-x-handles-119th-congress,,
Republican,Andy Biggs,AZ,05,RepAndyBiggsAZ,,https://pressgallery.house.gov/member-data/members-official-x-handles-119th-congress,,
Republican,Sheri Biggs,SC,03,RepSheriBiggs,,https://pressgallery.house.gov/member-data/members-official-x-handles-119th-congress,,
Republican,Gus Bilirakis,FL,12,RepGusBilirakis,,https://pressgallery.house.gov/member-data/members-official-x-handles-119th-congress,,
Democratic,Sanford Bishop,GA,02,SanfordBishop,,https://pressgallery.house.gov/member-data/members-official-x-handles-119th-congress,,
Republican,Lauren Boebert,CO,04,RepBoebert,,https://pressgallery.house.gov/member-data/members-official-x-handles-119th-congress,,
Democratic,Suzanne Bonamici,OR,01,RepBonamici,,https://pressgallery.house.gov/member-data/members-official-x-handles-119th-congress,,
Republican,Mike Bost,IL,12,RepBost,,https://pressgallery.house.gov/member-data/members-official-x-handles-119th-congress,,
Democratic,Brendan Boyle,PA,02,CongBoyle,,https://pressgallery.house.gov/member-data/members-official-x-handles-119th-congress,,
Republican,Josh Brecheen,OK,02,RepBrecheen,,https://pressgallery.house.gov/member-data/members-official-x-handles-119th-congress,,
Republican,Robert Bresnahan Jr.,PA,08,RepBresnahan,,https://pressgallery.house.gov/member-data/members-official-x-handles-119th-congress,,
Democratic,Shontel Brown,OH,11,RepShontelBrown,,https://pressgallery.house.gov/member-data/members-official-x-handles-119th-congress,,
Democratic,Julia Brownley,CA,26,RepBrownley,,https://pressgallery.house.gov/member-data/members-official-x-handles-119th-congress,,
Republican,Vern Buchanan,FL,16,VernBuchanan,,https://pressgallery.house.gov/member-data/members-official-x-handles-119th-congress,,
Democratic,Nikki Budzinski,IL,13,RepNikkiB,,https://pressgallery.house.gov/member-data/members-official-x-handles-119th-congress,,
Republican,Tim Burchett,TN,02,RepTimBurchett,,https://pressgallery.house.gov/member-data/members-official-x-handles-119th-congress,,
Republican,Eric Burlison,MO,07,RepEricBurlison,,https://pressgallery.house.gov/member-data/members-official-x-handles-119th-congress,,
Democratic,Janelle Bynum,OR,05,RepBynum,,https://pressgallery.house.gov/member-data/members-official-x-handles-119th-congress,,
Republican,Ken Calvert,CA,41,KenCalvert,,https://pressgallery.house.gov/member-data/members-official-x-handles-119th-congress,,
Republican,Kat Cammack,FL,03,RepKatCammack,,https://pressgallery.house.gov/member-data/members-official-x-handles-119th-congress,,
Democratic,Salud Carbajal,CA,24,RepCarbajal,,https://pressgallery.house.gov/member-data/members-official-x-handles-119th-congress,,
Republican,Mike Carey,OH,15,RepMikeCarey,,https://pressgallery.house.gov/member-data/members-official-x-handles-119th-congress,,
Democratic,André Carson,IN,07,RepAndreCarson,,https://pressgallery.house.gov/member-data/members-official-x-handles-119th-congress,,
Republican,Buddy Carter,GA,01,RepBuddyCarter,,https://pressgallery.house.gov/member-data/members-official-x-handles-119th-congress,,
Republican,John Carter,TX,31,JudgeCarter,,https://pressgallery.house.gov/member-data/members-official-x-handles-119th-congress,,
Democratic,Troy Carter,LA,02,RepTroyCarter,,https://pressgallery.house.gov/member-data/members-official-x-handles-119th-congress,,
Democratic,Greg Casar,TX,35,RepCasar,,https://pressgallery.house.gov/member-data/members-official-x-handles-119th-congress,,
Democratic,Ed Case,HI,01,RepEdCase,,https://pressgallery.house.gov/member-data/members-official-x-handles-119th-congress,,
Democratic,Sean Casten,IL,06,RepCasten,,https://pressgallery.house.gov/member-data/members-official-x-handles-119th-congress,,
Democratic,Kathy Castor,FL,14,USRepKCastor,,https://pressgallery.house.gov/member-data/members-official-x-handles-119th-congress,,
Democratic,Joaquin Castro,TX,20,JoaquinCastrotx,,https://pressgallery.house.gov/member-data/members-official-x-handles-119th-congress,,
Democratic,Sheila Cherfilus-McCormick,FL,20,CongresswomanSC,,https://pressgallery.house.gov/member-data/members-official-x-handles-119th-congress,,
Democratic,Judy Chu,CA,28,RepJudyChu,,https://pressgallery.house.gov/member-data/members-official-x-handles-119th-congress,,
Republican,Juan Ciscomani,AZ,06,RepCiscomani,,https://pressgallery.house.gov/member-data/members-official-x-handles-119th-congress,,
Democratic,Gil Cisneros,CA,31,RepGilCisneros,,https://pressgallery.house.gov/member-data/members-official-x-handles-119th-congress,,
Democratic,Katherine Clark,MA,05,WhipKClark,,https://pressgallery.house.gov/member-data/members-official-x-handles-119th-congress,,
Democratic,Yvette Clarke,NY,09,RepYvetteClarke,,https://pressgallery.house.gov/member-data/members-official-x-handles-119th-congress,,
Democratic,Emanuel Cleaver,MO,05,repcleaver,,https://pressgallery.house.gov/member-data/members-official-x-handles-119th-congress,,
Republican,Ben Cline,VA,06,RepBenCline,,https://pressgallery.house.gov/member-data/members-official-x-handles-119th-congress,,
Republican,Michael Cloud,TX,27,RepMichaelCloud,,https://pressgallery.house.gov/member-data/members-official-x-handles-119th-congress,,
Democratic,James Clyburn,SC,06,WhipClyburn,,https://pressgallery.house.gov/member-data/members-official-x-handles-119th-congress,,
Republican,Andrew Clyde,GA,09,Rep_Clyde,,https://pressgallery.house.gov/member-data/members-official-x-handles-119th-congress,,
Democratic,Steve Cohen,TN,09,RepCohen,,https://pressgallery.house.gov/member-data/members-official-x-handles-119th-congress,,
Republican,Tom Cole,OK,04,TomColeOK04,,https://pressgallery.house.gov/member-data/members-official-x-handles-119th-congress,,
Republican,Mike Collins,GA,10,RepMikeCollins,,https://pressgallery.house.gov/member-data/members-official-x-handles-119th-congress,,
Republican,James Comer,KY,01,RepJamesComer,,https://pressgallery.house.gov/member-data/members-official-x-handles-119th-congress,,
Democratic,Herb Conaway,NJ,03,RepHerbConaway,,https://pressgallery.house.gov/member-data/members-official-x-handles-119th-congress,,
Democratic,Lou Correa,CA,46,RepLouCorrea,,https://pressgallery.house.gov/member-data/members-official-x-handles-119th-congress,,
Democratic,Jim Costa,CA,21,RepJimCosta,,https://pressgallery.house.gov/member-data/members-official-x-handles-119th-congress,,
Democratic,Joe Courtney,CT,02,RepJoeCourtney,,https://pressgallery.house.gov/member-data/members-official-x-handles-119th-congress,,
Democratic,Angie Craig,MN,02,RepAngieCraig,,https://pressgallery.house.gov/member-data/members-official-x-handles-119th-congress,,
Republican,Elijah Crane,AZ,02,RepEliCrane,,https://pressgallery.house.gov/member-data/members-official-x-handles-119th-congress,,
Republican,Jeff Crank,CO,05,RepJeffCrank,,https://pressgallery.house.gov/member-data/members-official-x-handles-119th-congress,,
Republican,Ric Crawford,AR,01,RepRickCrawford,,https://pressgallery.house.gov/member-data/members-official-x-handles-119th-congress,,
Republican,Dan Crenshaw,TX,02,RepDanCrenshaw,,https://pressgallery.house.gov/member-data/members-official-x-handles-119th-congress,,
Democratic,Jasmine Crockett,TX,30,RepJasmine,,https://pressgallery.house.gov/member-data/members-official-x-handles-119th-congress,,
Democratic,Jason Crow,CO,06,RepJasonCrow,,https://pressgallery.house.gov/member-data/members-official-x-handles-119th-congress,,
Democratic,Henry Cuellar,TX,28,RepCuellar,,https://pressgallery.house.gov/member-data/members-official-x-handles-119th-congress,,
Democratic,Sharice Davids,KS,03,RepDavids,,https://pressgallery.house.gov/member-data/members-official-x-handles-119th-congress,,
Republican,Warren Davidson,OH,08,WarrenDavidson,,https://pressgallery.house.gov/member-data/members-official-x-handles-119th-congress,,
Democratic,Danny Davis,IL,07,RepDannyDavis,,https://pressgallery.house.gov/member-data/members-official-x-handles-119th-congress,,
Democratic,Don Davis,NC,01,RepDonDavis,,https://pressgallery.house.gov/member-data/members-official-x-handles-119th-congress,,
Republican,Monica De La Cruz,TX,15,RepMonicaDLC,,https://pressgallery.house.gov/member-data/members-official-x-handles-119th-congress,,
Democratic,Madeleine Dean,PA,04,RepDean,,https://pressgallery.house.gov/member-data/members-official-x-handles-119th-congress,,
Democratic,Diana DeGette,CO,01,RepDianaDeGette,,https://pressgallery.house.gov/member-data/members-official-x-handles-119th-congress,,
Democratic,Rosa DeLauro,CT,03,rosadelauro,,https://pressgallery.house.gov/member-data/members-official-x-handles-119th-congress,,
Democratic,Suzan DelBene,WA,01,RepDelBene,,https://pressgallery.house.gov/member-data/members-official-x-handles-119th-congress,,
Democratic,Christopher Deluzio,PA,17,RepDeluzio,,https://pressgallery.house.gov/member-data/members-official-x-handles-119th-congress,,
Democratic,Mark DeSaulnier,CA,10,RepDeSaulnier,,https://pressgallery.house.gov/member-data/members-official-x-handles-119th-congress,,
Republican,Scott DesJarlais,TN,04,DesJarlaisTN04,,https://pressgallery.house.gov/member-data/members-official-x-handles-119th-congress,,
Democratic,Maxine Dexter,OR,03,RepDexterOR,,https://pressgallery.house.gov/member-data/members-official-x-handles-119th-congress,,
Republican,Mario Diaz-Balart,FL,26,MarioDB,,https://pressgallery.house.gov/member-data/members-official-x-handles-119th-congress,,
Democratic,Debbie Dingell,MI,06,RepDebDingell,,https://pressgallery.house.gov/member-data/members-official-x-handles-119th-congress,,
Democratic,Lloyd Doggett,TX,37,RepLloydDoggett,,https://pressgallery.house.gov/member-data/members-official-x-handles-119th-congress,,
Republican,Byron Donalds,FL,19,RepDonaldsPress,,https://pressgallery.house.gov/member-data/members-official-x-handles-119th-congress,,
Republican,Troy Downing,MT,02,RepTroyDowning,,https://pressgallery.house.gov/member-data/members-official-x-handles-119th-congress,,
Republican,Neal Dunn,FL,02,DrNealDunnFL2,,https://pressgallery.house.gov/member-data/members-official-x-handles-119th-congress,,
Republican,Chuck Edwards,NC,11,RepChuckEdwards,,https://pressgallery.house.gov/member-data/members-official-x-handles-119th-congress,,
Democratic,Sarah Elfreth,MD,03,RepSarahElfreth,,https://pressgallery.house.gov/member-data/members-official-x-handles-119th-congress,,
Republican,Jake Ellzey,TX,06,RepEllzey,,https://pressgallery.house.gov/member-data/members-official-x-handles-119th-congress,,
Republican,Tom Emmer,MN,06,GOPMajorityWhip,,https://pressgallery.house.gov/member-data/members-official-x-handles-119th-congress,,
Democratic,Veronica Escobar,TX,16,RepEscobar,,https://pressgallery.house.gov/member-data/members-official-x-handles-119th-congress,,
Democratic,Adriano Espaillat,NY,13,RepEspaillat,,https://pressgallery.house.gov/member-data/members-official-x-handles-119th-congress,,
Republican,Ron Estes,KS,04,RepRonEstes,,https://pressgallery.house.gov/member-data/members-official-x-handles-119th-congress,,
Democratic,Dwight Evans,PA,03,RepDwightEvans,,https://pressgallery.house.gov/member-data/members-official-x-handles-119th-congress,,
Republican,Gabe Evans,CO,08,repgabeevans,,https://pressgallery.house.gov/member-data/members-official-x-handles-119th-congress,,
Republican,Mike Ezell,MS,04,RepEzell,,https://pressgallery.house.gov/member-data/members-official-x-handles-119th-congress,,
Republican,Pat Fallon,TX,04,RepPatFallon,,https://pressgallery.house.gov/member-data/members-official-x-handles-119th-congress,,
Republican,Julie Fedorchak,ND,00,RepFedorchak,,https://pressgallery.house.gov/member-data/members-official-x-handles-119th-congress,,
Republican,Randy Feenstra,IA,04,RepFeenstra,,https://pressgallery.house.gov/member-data/members-official-x-handles-119th-congress,,
Democratic,Cleo Fields,LA,06,RepFields,,https://pressgallery.house.gov/member-data/members-official-x-handles-119th-congress,,
Democratic,Shomari Figures,AL,02,repscfigures,,https://pressgallery.house.gov/member-data/members-official-x-handles-119th-congress,,
Republican,Randy Fine,FL,06,RepFine,,https://pressgallery.house.gov/member-data/members-official-x-handles-119th-congress,,
Republican,Brad Finstad,MN,01,repfinstad,,https://pressgallery.house.gov/member-data/members-official-x-handles-119th-congress,,
Republican,Michelle Fischbach,MN,07,RepFischbach,,https://pressgallery.house.gov/member-data/members-official-x-handles-119th-congress,,
Republican,Scott Fitzgerald,WI,05,RepFitzgerald,,https://pressgallery.house.gov/member-data/members-official-x-handles-119th-congress,,
Republican,Brian Fitzpatrick,PA,01,RepBrianFitz,,https://pressgallery.house.gov/member-data/members-official-x-handles-119th-congress,,
Republican,Charles Fleischmann,TN,03,RepChuck,,https://pressgallery.house.gov/member-data/members-official-x-handles-119th-congress,,
Democratic,Lizzie Fletcher,TX,07,RepFletcher,,https://pressgallery.house.gov/member-data/members-official-x-handles-119th-congress,,
Republican,Mike Flood,NE,01,USRepMikeFlood,,https://pressgallery.house.gov/member-data/members-official-x-handles-119th-congress,,
Republican,Vince Fong,CA,20,RepVinceFong,,https://pressgallery.house.gov/member-data/members-official-x-handles-119th-congress,,
Democratic,Bill Foster,IL,11,RepBillFoster,,https://pressgallery.house.gov/member-data/members-official-x-handles-119th-congress,,
Democratic,Valerie Foushee,NC,04,ValerieFoushee,,https://pressgallery.house.gov/member-data/members-official-x-handles-119th-congress,,
Republican,Virginia Foxx,NC,05,virginiafoxx,,https://pressgallery.house.gov/member-data/members-official-x-handles-119th-congress,,
Democratic,Lois Frankel,FL,22,RepLoisFrankel,,https://pressgallery.house.gov/member-data/members-official-x-handles-119th-congress,,
Republican,C. Franklin,FL,18,RepFranklin,,https://pressgallery.house.gov/member-data/members-official-x-handles-119th-congress,,
Democratic,Laura Friedman,CA,30,RepFriedmanCA,,https://pressgallery.house.gov/member-data/members-official-x-handles-119th-congress,,
Democratic,Maxwell Frost,FL,10,RepMaxwellFrost,,https://pressgallery.house.gov/member-data/members-official-x-handles-119th-congress,,
Republican,Russell Fry,SC,07,RepRussellFry,,https://pressgallery.house.gov/member-data/members-official-x-handles-119th-congress,,
Republican,Russ Fulcher,ID,01,RepRussFulcher,,https://pressgallery.house.gov/member-data/members-official-x-handles-119th-congress,,
Republican,Clay Fuller,GA,14,RepClayFuller,,https://pressgallery.house.gov/member-data/members-official-x-handles-119th-congress,,
Democratic,John Garamendi,CA,08,RepGaramendi,,https://pressgallery.house.gov/member-data/members-official-x-handles-119th-congress,,
Republican,Andrew Garbarino,NY,02,RepGarbarino,,https://pressgallery.house.gov/member-data/members-official-x-handles-119th-congress,,
Democratic,Robert Garcia,CA,42,RepRobertGarcia,,https://pressgallery.house.gov/member-data/members-official-x-handles-119th-congress,,
Democratic,Sylvia Garcia,TX,29,RepSylviaGarcia,,https://pressgallery.house.gov/member-data/members-official-x-handles-119th-congress,,
Democratic,Jesús García,IL,04,RepChuyGarcia,,https://pressgallery.house.gov/member-data/members-official-x-handles-119th-congress,,
Republican,Brandon Gill,TX,26,RepBrandonGill,,https://pressgallery.house.gov/member-data/members-official-x-handles-119th-congress,,
Democratic,Laura Gillen,NY,04,RepLauraGillen,,https://pressgallery.house.gov/member-data/members-official-x-handles-119th-congress,,
Republican,Carlos Gimenez,FL,28,RepCarlos,,https://pressgallery.house.gov/member-data/members-official-x-handles-119th-congress,,
Democratic,Marie Gluesenkamp Perez,WA,03,RepMGP,,https://pressgallery.house.gov/member-data/members-official-x-handles-119th-congress,,
Democratic,Jared Golden,ME,02,RepGolden,,https://pressgallery.house.gov/member-data/members-official-x-handles-119th-congress,,
Republican,Craig Goldman,TX,12,RepCraigGoldman,,https://pressgallery.house.gov/member-data/members-official-x-handles-119th-congress,,
Democratic,Daniel Goldman,NY,10,RepDanGoldman,,https://pressgallery.house.gov/member-data/members-official-x-handles-119th-congress,,
Democratic,Jimmy Gomez,CA,34,RepJimmyGomez,,https://pressgallery.house.gov/member-data/members-official-x-handles-119th-congress,,
Republican,Tony Gonzales,TX,23,RepTonyGonzales,,https://pressgallery.house.gov/member-data/members-official-x-handles-119th-congress,,
Democratic,Vicente Gonzalez,TX,34,RepGonzalez,,https://pressgallery.house.gov/member-data/members-official-x-handles-119th-congress,,
Democratic,Maggie Goodlander,NH,02,RepGoodlander,,https://pressgallery.house.gov/member-data/members-official-x-handles-119th-congress,,
Republican,Paul Gosar,AZ,09,RepGosar,,https://pressgallery.house.gov/member-data/members-official-x-handles-119th-congress,,
Democratic,Josh Gottheimer,NJ,05,RepJoshG,,https://pressgallery.house.gov/member-data/members-official-x-handles-119th-congress,,
Republican,Sam Graves,MO,06,RepSamGraves,,https://pressgallery.house.gov/member-data/members-official-x-handles-119th-congress,,
Democratic,Adam Gray,CA,13,RepAdamGrayCA,,https://pressgallery.house.gov/member-data/members-official-x-handles-119th-congress,,
Democratic,Al Green,TX,09,RepAlGreen,,https://pressgallery.house.gov/member-data/members-official-x-handles-119th-congress,,
Republican,Morgan Griffith,VA,09,RepMGriffith,,https://pressgallery.house.gov/member-data/members-official-x-handles-119th-congress,,
Democratic,Adelita Grijalva,AZ,07,Rep_Grijalva,,https://pressgallery.house.gov/member-data/members-official-x-handles-119th-congress,,
Republican,Glenn Grothman,WI,06,RepGrothman,,https://pressgallery.house.gov/member-data/members-official-x-handles-119th-congress,,
Republican,Michael Guest,MS,03,RepMichaelGuest,,https://pressgallery.house.gov/member-data/members-official-x-handles-119th-congress,,
Republican,Brett Guthrie,KY,02,RepGuthrie,,https://pressgallery.house.gov/member-data/members-official-x-handles-119th-congress,,
Republican,Harriet Hageman,WY,00,RepHageman,,https://pressgallery.house.gov/member-data/members-official-x-handles-119th-congress,,
Republican,Abe Hamadeh,AZ,08,RepAbeHamadeh,,https://pressgallery.house.gov/member-data/members-official-x-handles-119th-congress,,
Democratic,Josh Harder,CA,09,RepJoshHarder,,https://pressgallery.house.gov/member-data/members-official-x-handles-119th-congress,,
Republican,Mike Haridopolos,FL,08,RepHaridopolos,,https://pressgallery.house.gov/member-data/members-official-x-handles-119th-congress,,
Republican,Pat Harrigan,NC,10,RepPatHarrigan,,https://pressgallery.house.gov/member-data/members-official-x-handles-119th-congress,,
Republican,Andy Harris,MD,01,RepAndyHarrisMD,,https://pressgallery.house.gov/member-data/members-official-x-handles-119th-congress,,
Republican,Mark Harris,NC,08,RepMarkHarrisNC,,https://pressgallery.house.gov/member-data/members-official-x-handles-119th-congress,,
Republican,Diana Harshbarger,TN,01,RepHarshbarger,,https://pressgallery.house.gov/member-data/members-official-x-handles-119th-congress,,
Democratic,Jahana Hayes,CT,05,RepJahanaHayes,,https://pressgallery.house.gov/member-data/members-official-x-handles-119th-congress,,
Republican,Kevin Hern,OK,01,repkevinhern,,https://pressgallery.house.gov/member-data/members-official-x-handles-119th-congress,,
Republican,Clay Higgins,LA,03,RepClayHiggins,,https://pressgallery.house.gov/member-data/members-official-x-handles-119th-congress,,
Republican,French Hill,AR,02,RepFrenchHill,,https://pressgallery.house.gov/member-data/members-official-x-handles-119th-congress,,
Republican,Ashley Hinson,IA,02,RepAshleyHinson,,https://pressgallery.house.gov/member-data/members-official-x-handles-119th-congress,,
Democratic,Steven Horsford,NV,04,RepHorsford,,https://pressgallery.house.gov/member-data/members-official-x-handles-119th-congress,,
Republican,Erin Houchin,IN,09,RepHouchin,,https://pressgallery.house.gov/member-data/members-official-x-handles-119th-congress,,
Democratic,Chrissy Houlahan,PA,06,RepHoulahan,,https://pressgallery.house.gov/member-data/members-official-x-handles-119th-congress,,
Democratic,Steny Hoyer,MD,05,RepStenyHoyer,,https://pressgallery.house.gov/member-data/members-official-x-handles-119th-congress,,
Democratic,Val Hoyle,OR,04,repvalhoyle,,https://pressgallery.house.gov/member-data/members-official-x-handles-119th-congress,,
Republican,Richard Hudson,NC,09,RepRichHudson,,https://pressgallery.house.gov/member-data/members-official-x-handles-119th-congress,,
Democratic,Jared Huffman,CA,02,RepHuffman,,https://pressgallery.house.gov/member-data/members-official-x-handles-119th-congress,,
Republican,Bill Huizenga,MI,04,RepHuizenga,,https://pressgallery.house.gov/member-data/members-official-x-handles-119th-congress,,
Republican,Wesley Hunt,TX,38,RepWesleyHunt,,https://pressgallery.house.gov/member-data/members-official-x-handles-119th-congress,,
Republican,Jeff Hurd,CO,03,RepJeffHurd,,https://pressgallery.house.gov/member-data/members-official-x-handles-119th-congress,,
Republican,Darrell Issa,CA,48,repdarrellissa,,https://pressgallery.house.gov/member-data/members-official-x-handles-119th-congress,,
Democratic,Glenn Ivey,MD,04,RepGlennIvey,,https://pressgallery.house.gov/member-data/members-official-x-handles-119th-congress,,
Republican,Brian Jack,GA,03,RepBrianJack,,https://pressgallery.house.gov/member-data/members-official-x-handles-119th-congress,,
Democratic,Jonathan Jackson,IL,01,rep_jackson,,https://pressgallery.house.gov/member-data/members-official-x-handles-119th-congress,,
Republican,Ronny Jackson,TX,13,RepRonnyJackson,,https://pressgallery.house.gov/member-data/members-official-x-handles-119th-congress,,
Democratic,Sara Jacobs,CA,51,RepSaraJacobs,,https://pressgallery.house.gov/member-data/members-official-x-handles-119th-congress,,
Republican,John James,MI,10,RepJames,,https://pressgallery.house.gov/member-data/members-official-x-handles-119th-congress,,
Democratic,Pramila Jayapal,WA,07,RepJayapal,,https://pressgallery.house.gov/member-data/members-official-x-handles-119th-congress,,
Democratic,Hakeem Jeffries,NY,08,RepJeffries,,https://pressgallery.house.gov/member-data/members-official-x-handles-119th-congress,,
Republican,Dusty Johnson,SD,00,RepDustyJohnson,,https://pressgallery.house.gov/member-data/members-official-x-handles-119th-congress,,
Democratic,Hank Johnson,GA,04,RepHankJohnson,,https://pressgallery.house.gov/member-data/members-official-x-handles-119th-congress,,
Republican,Mike Johnson,LA,04,SpeakerJohnson,,https://pressgallery.house.gov/member-data/members-official-x-handles-119th-congress,,
Democratic,Julie Johnson,TX,32,RepJulieJohnson,,https://pressgallery.house.gov/member-data/members-official-x-handles-119th-congress,,
Republican,Jim Jordan,OH,04,Jim_Jordan,,https://pressgallery.house.gov/member-data/members-official-x-handles-119th-congress,,
Republican,David Joyce,OH,14,RepDaveJoyce,,https://pressgallery.house.gov/member-data/members-official-x-handles-119th-congress,,
Republican,John Joyce,PA,13,RepJohnJoyce,,https://pressgallery.house.gov/member-data/members-official-x-handles-119th-congress,,
Democratic,Sydney Kamlager-Dove,CA,37,RepKamlagerDove,,https://pressgallery.house.gov/member-data/members-official-x-handles-119th-congress,,
Democratic,Marcy Kaptur,OH,09,RepMarcyKaptur,,https://pressgallery.house.gov/member-data/members-official-x-handles-119th-congress,,
Republican,Thomas Kean,NJ,07,CongressmanKean,,https://pressgallery.house.gov/member-data/members-official-x-handles-119th-congress,,
Democratic,William Keating,MA,09,USRepKeating,,https://pressgallery.house.gov/member-data/members-official-x-handles-119th-congress,,
Republican,Mike Kelly,PA,16,MikeKellyPA,,https://pressgallery.house.gov/member-data/members-official-x-handles-119th-congress,,
Democratic,Robin Kelly,IL,02,RepRobinKelly,,https://pressgallery.house.gov/member-data/members-official-x-handles-119th-congress,,
Republican,Trent Kelly,MS,01,RepTrentKelly,,https://pressgallery.house.gov/member-data/members-official-x-handles-119th-congress,,
Republican,Mike Kennedy,UT,03,RepMikeKennedy,,https://pressgallery.house.gov/member-data/members-official-x-handles-119th-congress,,
Democratic,Tim Kennedy,NY,26,RepTimKennedy,,https://pressgallery.house.gov/member-data/members-official-x-handles-119th-congress,,
Democratic,Ro Khanna,CA,17,RepRoKhanna,,https://pressgallery.house.gov/member-data/members-official-x-handles-119th-congress,,
Republican,Jennifer Kiggans,VA,02,RepKiggans,,https://pressgallery.house.gov/member-data/members-official-x-handles-119th-congress,,
Republican,Kevin Kiley,CA,03,RepKiley,,https://pressgallery.house.gov/member-data/members-official-x-handles-119th-congress,,
Republican,Young Kim,CA,40,RepYoungKim,,https://pressgallery.house.gov/member-data/members-official-x-handles-119th-congress,,
Republican,Brad Knott,NC,13,RepKnott,,https://pressgallery.house.gov/member-data/members-official-x-handles-119th-congress,,
Democratic,Raja Krishnamoorthi,IL,08,CongressmanRaja,,https://pressgallery.house.gov/member-data/members-official-x-handles-119th-congress,,
Republican,David Kustoff,TN,08,RepDavidKustoff,,https://pressgallery.house.gov/member-data/members-official-x-handles-119th-congress,,
Republican,Darin LaHood,IL,16,RepLaHood,,https://pressgallery.house.gov/member-data/members-official-x-handles-119th-congress,,
Republican,Nick LaLota,NY,01,RepLaLota,,https://pressgallery.house.gov/member-data/members-official-x-handles-119th-congress,,
Democratic,Greg Landsman,OH,01,RepGregLandsman,,https://pressgallery.house.gov/member-data/members-official-x-handles-119th-congress,,
Republican,Nicholas Langworthy,NY,23,RepLangworthy,,https://pressgallery.house.gov/member-data/members-official-x-handles-119th-congress,,
Democratic,Rick Larsen,WA,02,RepRickLarsen,,https://pressgallery.house.gov/member-data/members-official-x-handles-119th-congress,,
Democratic,John Larson,CT,01,RepJohnLarson,,https://pressgallery.house.gov/member-data/members-official-x-handles-119th-congress,,
Democratic,George Latimer,NY,16,RepGLatimer,,https://pressgallery.house.gov/member-data/members-official-x-handles-119th-congress,,
Republican,Robert Latta,OH,05,boblatta,,https://pressgallery.house.gov/member-data/members-official-x-handles-119th-congress,,
Republican,Michael Lawler,NY,17,RepMikeLawler,,https://pressgallery.house.gov/member-data/members-official-x-handles-119th-congress,,
Republican,Laurel Lee,FL,15,RepLaurelLee,,https://pressgallery.house.gov/member-data/members-official-x-handles-119th-congress,,
Democratic,Summer Lee,PA,12,RepSummerLee,,https://pressgallery.house.gov/member-data/members-official-x-handles-119th-congress,,
Democratic,Susie Lee,NV,03,RepSusieLee,,https://pressgallery.house.gov/member-data/members-official-x-handles-119th-congress,,
Democratic,Teresa Leger Fernandez,NM,03,RepTeresaLF,,https://pressgallery.house.gov/member-data/members-official-x-handles-119th-congress,,
Republican,Julia Letlow,LA,05,repjulialetlow,,https://pressgallery.house.gov/member-data/members-official-x-handles-119th-congress,,
Democratic,Mike Levin,CA,49,RepMikeLevin,,https://pressgallery.house.gov/member-data/members-official-x-handles-119th-congress,,
Democratic,Sam T. Liccardo,CA,16,RepLiccardo,,https://pressgallery.house.gov/member-data/members-official-x-handles-119th-congress,,
Democratic,Ted Lieu,CA,36,RepTedLieu,,https://pressgallery.house.gov/member-data/members-official-x-handles-119th-congress,,
Democratic,Zoe Lofgren,CA,18,RepZoeLofgren,,https://pressgallery.house.gov/member-data/members-official-x-handles-119th-congress,,
Republican,Barry Loudermilk,GA,11,RepLoudermilk,,https://pressgallery.house.gov/member-data/members-official-x-handles-119th-congress,,
Republican,Frank Lucas,OK,03,RepFrankLucas,,https://pressgallery.house.gov/member-data/members-official-x-handles-119th-congress,,
Republican,Anna Paulina Luna,FL,13,RepLuna,,https://pressgallery.house.gov/member-data/members-official-x-handles-119th-congress,,
Republican,Morgan Luttrell,TX,08,RepLuttrell,,https://pressgallery.house.gov/member-data/members-official-x-handles-119th-congress,,
Democratic,Stephen Lynch,MA,08,RepStephenLynch,,https://pressgallery.house.gov/member-data/members-official-x-handles-119th-congress,,
Republican,Nancy Mace,SC,01,RepNancyMace,,https://pressgallery.house.gov/member-data/members-official-x-handles-119th-congress,,
Republican,Ryan Mackenzie,PA,07,RepMackenzie,,https://pressgallery.house.gov/member-data/members-official-x-handles-119th-congress,,
Democratic,Seth Magaziner,RI,02,Rep_Magaziner,,https://pressgallery.house.gov/member-data/members-official-x-handles-119th-congress,,
Republican,Nicole Malliotakis,NY,11,RepMalliotakis,,https://pressgallery.house.gov/member-data/members-official-x-handles-119th-congress,,
Republican,Celeste Maloy,UT,02,RepMaloyUtah,,https://pressgallery.house.gov/member-data/members-official-x-handles-119th-congress,,
Republican,Tracey Mann,KS,01,RepMann,,https://pressgallery.house.gov/member-data/members-official-x-handles-119th-congress,,
Democratic,John Mannion,NY,22,JohnMannionNY22,,https://pressgallery.house.gov/member-data/members-official-x-handles-119th-congress,,
Republican,Thomas Massie,KY,04,RepThomasMassie,,https://pressgallery.house.gov/member-data/members-official-x-handles-119th-congress,,
Republican,Brian Mast,FL,21,RepBrianMast,,https://pressgallery.house.gov/member-data/members-official-x-handles-119th-congress,,
Democratic,Doris Matsui,CA,07,DorisMatsui,,https://pressgallery.house.gov/member-data/members-official-x-handles-119th-congress,,
Democratic,Lucy McBath,GA,07,RepLucyMcBath,,https://pressgallery.house.gov/member-data/members-official-x-handles-119th-congress,,
Democratic,Sarah McBride,DE,00,Rep_McBride,,https://pressgallery.house.gov/member-data/members-official-x-handles-119th-congress,,
Republican,Michael McCaul,TX,10,RepMcCaul,,https://pressgallery.house.gov/member-data/members-official-x-handles-119th-congress,,
Republican,Lisa McClain,MI,09,RepLisaMcClain,,https://pressgallery.house.gov/member-data/members-official-x-handles-119th-congress,,
Democratic,April McClain Delaney,MD,06,RepAprilDelaney,,https://pressgallery.house.gov/member-data/members-official-x-handles-119th-congress,,
Democratic,Jennifer McClellan,VA,04,RepMcClellan,,https://pressgallery.house.gov/member-data/members-official-x-handles-119th-congress,,
Republican,Tom McClintock,CA,05,RepMcClintock,,https://pressgallery.house.gov/member-data/members-official-x-handles-119th-congress,,
Democratic,Betty McCollum,MN,04,BettyMcCollum04,,https://pressgallery.house.gov/member-data/members-official-x-handles-119th-congress,,
Republican,Richard McCormick,GA,06,RepMcCormick,,https://pressgallery.house.gov/member-data/members-official-x-handles-119th-congress,,
Democratic,Kristen McDonald Rivet,MI,08,repkmr,,https://pressgallery.house.gov/member-data/members-official-x-handles-119th-congress,,
Republican,Addison McDowell,NC,06,RepMcDowell,,https://pressgallery.house.gov/member-data/members-official-x-handles-119th-congress,,
Democratic,Morgan McGarvey,KY,03,RepMcGarvey,,https://pressgallery.house.gov/member-data/members-official-x-handles-119th-congress,,
Democratic,James McGovern,MA,02,RepMcGovern,,https://pressgallery.house.gov/member-data/members-official-x-handles-119th-congress,,
Republican,John McGuire,VA,05,RepJohnMcGuire,,https://pressgallery.house.gov/member-data/members-official-x-handles-119th-congress,,
Democratic,LaMonica McIver,NJ,10,RepLaMonica,,https://pressgallery.house.gov/member-data/members-official-x-handles-119th-congress,,
Democratic,Gregory Meeks,NY,05,RepGregoryMeeks,,https://pressgallery.house.gov/member-data/members-official-x-handles-119th-congress,,
Democratic,Analilia Mejia,NJ,11,RepAnalilia,,https://pressgallery.house.gov/member-data/members-official-x-handles-119th-congress,,
Democratic,Christian Menefee,TX,18,RepCDMenefee,,https://pressgallery.house.gov/member-data/members-official-x-handles-119th-congress,,
Democratic,Robert Menendez,NJ,08,RepMenendez,,https://pressgallery.house.gov/member-data/members-official-x-handles-119th-congress,,
Democratic,Grace Meng,NY,06,RepGraceMeng,,https://pressgallery.house.gov/member-data/members-official-x-handles-119th-congress,,
Republican,Mark Messmer,IN,08,RepMessmer,,https://pressgallery.house.gov/member-data/members-official-x-handles-119th-congress,,
Republican,Daniel Meuser,PA,09,RepMeuser,,https://pressgallery.house.gov/member-data/members-official-x-handles-119th-congress,,
Democratic,Kweisi Mfume,MD,07,RepKweisiMfume,,https://pressgallery.house.gov/member-data/members-official-x-handles-119th-congress,,
Republican,Carol Miller,WV,01,RepCarolMiller,,https://pressgallery.house.gov/member-data/members-official-x-handles-119th-congress,,
Republican,Mary Miller,IL,15,RepMaryMiller,,https://pressgallery.house.gov/member-data/members-official-x-handles-119th-congress,,
Republican,Max Miller,OH,07,RepMaxMiller,,https://pressgallery.house.gov/member-data/members-official-x-handles-119th-congress,,
Republican,Mariannette Miller-Meeks,IA,01,RepMMM,,https://pressgallery.house.gov/member-data/members-official-x-handles-119th-congress,,
Republican,Cory Mills,FL,07,RepMillsPress,,https://pressgallery.house.gov/member-data/members-official-x-handles-119th-congress,,
Democratic,Dave Min,CA,47,CongressMin,,https://pressgallery.house.gov/member-data/members-official-x-handles-119th-congress,,
Republican,John Moolenaar,MI,02,RepMoolenaar,,https://pressgallery.house.gov/member-data/members-official-x-handles-119th-congress,,
Republican,Barry Moore,AL,01,RepBarryMoore,,https://pressgallery.house.gov/member-data/members-official-x-handles-119th-congress,,
Republican,Blake Moore,UT,01,RepBlakeMoore,,https://pressgallery.house.gov/member-data/members-official-x-handles-119th-congress,,
Democratic,Gwen Moore,WI,04,RepGwenMoore,,https://pressgallery.house.gov/member-data/members-official-x-handles-119th-congress,,
Republican,Riley Moore,WV,02,RepRileyMoore,,https://pressgallery.house.gov/member-data/members-official-x-handles-119th-congress,,
Republican,Tim Moore,NC,14,RepTimMooreNC,,https://pressgallery.house.gov/member-data/members-official-x-handles-119th-congress,,
Republican,Nathaniel Moran,TX,01,RepNateMoran,,https://pressgallery.house.gov/member-data/members-official-x-handles-119th-congress,,
Democratic,Joseph Morelle,NY,25,RepJoeMorelle,,https://pressgallery.house.gov/member-data/members-official-x-handles-119th-congress,,
Democratic,Kelly Morrison,MN,03,KellyMorrisonMN,,https://pressgallery.house.gov/member-data/members-official-x-handles-119th-congress,,
Democratic,Jared Moskowitz,FL,23,RepMoskowitz,,https://pressgallery.house.gov/member-data/members-official-x-handles-119th-congress,,
Democratic,Seth Moulton,MA,06,RepMoulton,,https://pressgallery.house.gov/member-data/members-official-x-handles-119th-congress,,
Democratic,Frank Mrvan,IN,01,RepMrvan,,https://pressgallery.house.gov/member-data/members-official-x-handles-119th-congress,,
Democratic,Kevin Mullin,CA,15,RepKevinMullin,,https://pressgallery.house.gov/member-data/members-official-x-handles-119th-congress,,
Republican,Gregory Murphy,NC,03,RepGregMurphy,,https://pressgallery.house.gov/member-data/members-official-x-handles-119th-congress,,
Democratic,Jerrold Nadler,NY,12,RepJerryNadler,,https://pressgallery.house.gov/member-data/members-official-x-handles-119th-congress,,
Democratic,Richard Neal,MA,01,RepRichardNeal,,https://pressgallery.house.gov/member-data/members-official-x-handles-119th-congress,,
Democratic,Joe Neguse,CO,02,RepJoeNeguse,,https://pressgallery.house.gov/member-data/members-official-x-handles-119th-congress,,
Republican,Troy Nehls,TX,22,RepTroyNehls,,https://pressgallery.house.gov/member-data/members-official-x-handles-119th-congress,,
Republican,Dan Newhouse,WA,04,RepNewhouse,,https://pressgallery.house.gov/member-data/members-official-x-handles-119th-congress,,
Democratic,Donald Norcross,NJ,01,DonaldNorcross,,https://pressgallery.house.gov/member-data/members-official-x-handles-119th-congress,,
Republican,Ralph Norman,SC,05,RepRalphNorman,,https://pressgallery.house.gov/member-data/members-official-x-handles-119th-congress,,
Republican,Zachary Nunn,IA,03,ZachNunn,,https://pressgallery.house.gov/member-data/members-official-x-handles-119th-congress,,
Republican,Jay Obernolte,CA,23,JayObernolte,,https://pressgallery.house.gov/member-data/members-official-x-handles-119th-congress,,
Democratic,Alexandria Ocasio-Cortez,NY,14,RepAOC,,https://pressgallery.house.gov/member-data/members-official-x-handles-119th-congress,,
Republican,Andrew Ogles,TN,05,RepOgles,,https://pressgallery.house.gov/member-data/members-official-x-handles-119th-congress,,
Democratic,Johnny Olszewski,MD,02,RepJohnnyO,,https://pressgallery.house.gov/member-data/members-official-x-handles-119th-congress,,
Democratic,Ilhan Omar,MN,05,Ilhan,,https://pressgallery.house.gov/member-data/members-official-x-handles-119th-congress,,
Republican,Bob Onder,MO,03,RepBobOnder,,https://pressgallery.house.gov/member-data/members-official-x-handles-119th-congress,,
Republican,Burgess Owens,UT,04,RepBurgessOwens,,https://pressgallery.house.gov/member-data/members-official-x-handles-119th-congress,,
Democratic,Frank Pallone,NJ,06,FrankPallone,,https://pressgallery.house.gov/member-data/members-official-x-handles-119th-congress,,
Republican,Gary Palmer,AL,06,USRepGaryPalmer,,https://pressgallery.house.gov/member-data/members-official-x-handles-119th-congress,,
Democratic,Jimmy Panetta,CA,19,RepJimmyPanetta,,https://pressgallery.house.gov/member-data/members-official-x-handles-119th-congress,,
Democratic,Chris Pappas,NH,01,RepChrisPappas,,https://pressgallery.house.gov/member-data/members-official-x-handles-119th-congress,,
Republican,Jimmy Patronis,FL,01,PatronisFL,,https://pressgallery.house.gov/member-data/members-official-x-handles-119th-congress,,
Democratic,Nancy Pelosi,CA,11,SpeakerPelosi,,https://pressgallery.house.gov/member-data/members-official-x-handles-119th-congress,,
Republican,Scott Perry,PA,10,RepScottPerry,,https://pressgallery.house.gov/member-data/members-official-x-handles-119th-congress,,
Democratic,Scott Peters,CA,50,RepScottPeters,,https://pressgallery.house.gov/member-data/members-official-x-handles-119th-congress,,
Democratic,Brittany Pettersen,CO,07,RepPettersen,,https://pressgallery.house.gov/member-data/members-official-x-handles-119th-congress,,
Republican,August Pfluger,TX,11,RepPfluger,,https://pressgallery.house.gov/member-data/members-official-x-handles-119th-congress,,
Democratic,Chellie Pingree,ME,01,chelliepingree,,https://pressgallery.house.gov/member-data/members-official-x-handles-119th-congress,,
Democratic,Mark Pocan,WI,02,repmarkpocan,,https://pressgallery.house.gov/member-data/members-official-x-handles-119th-congress,,
Democratic,Nellie Pou,NJ,09,RepNellie,,https://pressgallery.house.gov/member-data/members-official-x-handles-119th-congress,,
Democratic,Ayanna Pressley,MA,07,RepPressley,,https://pressgallery.house.gov/member-data/members-official-x-handles-119th-congress,,
Democratic,Mike Quigley,IL,05,RepMikeQuigley,,https://pressgallery.house.gov/member-data/members-official-x-handles-119th-congress,,
Democratic,Delia Ramirez,IL,03,repdeliaramirez,,https://pressgallery.house.gov/member-data/members-official-x-handles-119th-congress,,
Democratic,Emily Randall,WA,06,RepEmilyRandall,,https://pressgallery.house.gov/member-data/members-official-x-handles-119th-congress,,
Democratic,Jamie Raskin,MD,08,RepRaskin,,https://pressgallery.house.gov/member-data/members-official-x-handles-119th-congress,,
Republican,Guy Reschenthaler,PA,14,GReschenthaler,,https://pressgallery.house.gov/member-data/members-official-x-handles-119th-congress,,
Democratic,Josh Riley,NY,19,RepRileyNY,,https://pressgallery.house.gov/member-data/members-official-x-handles-119th-congress,,
Democratic,Luz Rivas,CA,29,RepLuzRivas,,https://pressgallery.house.gov/member-data/members-official-x-handles-119th-congress,,
Republican,Harold Rogers,KY,05,RepHalRogers,,https://pressgallery.house.gov/member-data/members-official-x-handles-119th-congress,,
Republican,Mike Rogers,AL,03,RepMikeRogersAL,,https://pressgallery.house.gov/member-data/members-official-x-handles-119th-congress,,
Republican,John Rose,TN,06,RepJohnRose,,https://pressgallery.house.gov/member-data/members-official-x-handles-119th-congress,,
Democratic,Deborah Ross,NC,02,RepDeborahRoss,,https://pressgallery.house.gov/member-data/members-official-x-handles-119th-congress,,
Republican,David Rouzer,NC,07,RepDavidRouzer,,https://pressgallery.house.gov/member-data/members-official-x-handles-119th-congress,,
Republican,Chip Roy,TX,21,RepChipRoy,,https://pressgallery.house.gov/member-data/members-official-x-handles-119th-congress,,
Democratic,Raul Ruiz,CA,25,RepRaulRuizMD,,https://pressgallery.house.gov/member-data/members-official-x-handles-119th-congress,,
Republican,Michael Rulli,OH,06,RepMichaelRulli,,https://pressgallery.house.gov/member-data/members-official-x-handles-119th-congress,,
Republican,John Rutherford,FL,05,RepRutherfordFL,,https://pressgallery.house.gov/member-data/members-official-x-handles-119th-congress,,
Democratic,Patrick Ryan,NY,18,RepPatRyanNY,,https://pressgallery.house.gov/member-data/members-official-x-handles-119th-congress,,
Republican,Maria Salazar,FL,27,RepMariaSalazar,,https://pressgallery.house.gov/member-data/members-official-x-handles-119th-congress,,
Democratic,Andrea Salinas,OR,06,RepSalinas,,https://pressgallery.house.gov/member-data/members-official-x-handles-119th-congress,,
Democratic,Linda Sánchez,CA,38,RepLindaSanchez,,https://pressgallery.house.gov/member-data/members-official-x-handles-119th-congress,,
Republican,Steve Scalise,LA,01,SteveScalise,,https://pressgallery.house.gov/member-data/members-official-x-handles-119th-congress,,
Democratic,Mary Scanlon,PA,05,RepMGS,,https://pressgallery.house.gov/member-data/members-official-x-handles-119th-congress,,
Democratic,Janice Schakowsky,IL,09,RepSchakowsky,,https://pressgallery.house.gov/member-data/members-official-x-handles-119th-congress,,
Republican,Derek Schmidt,KS,02,RepDerekSchmidt,,https://pressgallery.house.gov/member-data/members-official-x-handles-119th-congress,,
Democratic,Bradley Schneider,IL,10,RepSchneider,,https://pressgallery.house.gov/member-data/members-official-x-handles-119th-congress,,
Democratic,Hillary Scholten,MI,03,RepScholten,,https://pressgallery.house.gov/member-data/members-official-x-handles-119th-congress,,
Democratic,Kim Schrier,WA,08,RepKimSchrier,,https://pressgallery.house.gov/member-data/members-official-x-handles-119th-congress,,
Republican,David Schweikert,AZ,01,RepDavid,,https://pressgallery.house.gov/member-data/members-official-x-handles-119th-congress,,
Republican,Austin Scott,GA,08,AustinScottGA08,,https://pressgallery.house.gov/member-data/members-official-x-handles-119th-congress,,
Democratic,Robert Scott,VA,03,BobbyScott,,https://pressgallery.house.gov/member-data/members-official-x-handles-119th-congress,,
Republican,Keith Self,TX,03,RepKeithSelf,,https://pressgallery.house.gov/member-data/members-official-x-handles-119th-congress,,
Republican,Pete Sessions,TX,17,PeteSessions,,https://pressgallery.house.gov/member-data/members-official-x-handles-119th-congress,,
Democratic,Terri Sewell,AL,07,RepTerriSewell,,https://pressgallery.house.gov/member-data/members-official-x-handles-119th-congress,,
Democratic,Brad Sherman,CA,32,BradSherman,,https://pressgallery.house.gov/member-data/members-official-x-handles-119th-congress,,
Republican,Jefferson Shreve,IN,06,RepShreve,,https://pressgallery.house.gov/member-data/members-official-x-handles-119th-congress,,
Democratic,Lateefah Simon,CA,12,RepLSimon,,https://pressgallery.house.gov/member-data/members-official-x-handles-119th-congress,,
Republican,Michael Simpson,ID,02,CongMikeSimpson,,https://pressgallery.house.gov/member-data/members-official-x-handles-119th-congress,,
Democratic,Adam Smith,WA,09,RepAdamSmith,,https://pressgallery.house.gov/member-data/members-official-x-handles-119th-congress,,
Republican,Adrian Smith,NE,03,RepAdrianSmith,,https://pressgallery.house.gov/member-data/members-official-x-handles-119th-congress,,
Republican,Jason Smith,MO,08,RepJasonSmith,,https://pressgallery.house.gov/member-data/members-official-x-handles-119th-congress,,
Republican,Lloyd Smucker,PA,11,RepSmucker,,https://pressgallery.house.gov/member-data/members-official-x-handles-119th-congress,,
Democratic,Eric Sorensen,IL,17,RepEricSorensen,,https://pressgallery.house.gov/member-data/members-official-x-handles-119th-congress,,
Democratic,Darren Soto,FL,09,RepDarrenSoto,,https://pressgallery.house.gov/member-data/members-official-x-handles-119th-congress,,
Republican,Victoria Spartz,IN,05,RepSpartz,,https://pressgallery.house.gov/member-data/members-official-x-handles-119th-congress,,
Democratic,Melanie Stansbury,NM,01,Rep_Stansbury,,https://pressgallery.house.gov/member-data/members-official-x-handles-119th-congress,,
Democratic,Greg Stanton,AZ,04,RepGregStanton,,https://pressgallery.house.gov/member-data/members-official-x-handles-119th-congress,,
Republican,Pete Stauber,MN,08,RepPeteStauber,,https://pressgallery.house.gov/member-data/members-official-x-handles-119th-congress,,
Republican,Elise Stefanik,NY,21,RepStefanik,,https://pressgallery.house.gov/member-data/members-official-x-handles-119th-congress,,
Republican,Bryan Steil,WI,01,RepBryanSteil,,https://pressgallery.house.gov/member-data/members-official-x-handles-119th-congress,,
Republican,W. Steube,FL,17,RepGregSteube,,https://pressgallery.house.gov/member-data/members-official-x-handles-119th-congress,,
Democratic,Haley Stevens,MI,11,RepHaleyStevens,,https://pressgallery.house.gov/member-data/members-official-x-handles-119th-congress,,
Democratic,Marilyn Strickland,WA,10,RepStricklandWA,,https://pressgallery.house.gov/member-data/members-official-x-handles-119th-congress,,
Republican,Dale Strong,AL,05,RepDaleStrong,,https://pressgallery.house.gov/member-data/members-official-x-handles-119th-congress,,
Republican,Marlin Stutzman,IN,03,RepStutzman,,https://pressgallery.house.gov/member-data/members-official-x-handles-119th-congress,,
Democratic,Suhas Subramanyam,VA,10,RepSuhas,,https://pressgallery.house.gov/member-data/members-official-x-handles-119th-congress,,
Democratic,Tom Suozzi,NY,03,RepTomSuozzi,,https://pressgallery.house.gov/member-data/members-official-x-handles-119th-congress,,
Democratic,Emilia Sykes,OH,13,RepEmiliaSykes,,https://pressgallery.house.gov/member-data/members-official-x-handles-119th-congress,,
Democratic,Mark Takano,CA,39,RepMarkTakano,,https://pressgallery.house.gov/member-data/members-official-x-handles-119th-congress,,
Republican,Dave Taylor,OH,02,RepDaveTaylor,,https://pressgallery.house.gov/member-data/members-official-x-handles-119th-congress,,
Republican,Claudia Tenney,NY,24,RepTenney,,https://pressgallery.house.gov/member-data/members-official-x-handles-119th-congress,,
Democratic,Shri Thanedar,MI,13,RepShriThanedar,,https://pressgallery.house.gov/member-data/members-official-x-handles-119th-congress,,
Democratic,Bennie Thompson,MS,02,BennieGThompson,,https://pressgallery.house.gov/member-data/members-official-x-handles-119th-congress,,
Republican,Glenn Thompson,PA,15,CongressmanGT,,https://pressgallery.house.gov/member-data/members-official-x-handles-119th-congress,,
Democratic,Mike Thompson,CA,04,RepThompson,,https://pressgallery.house.gov/member-data/members-official-x-handles-119th-congress,,
Republican,Thomas Tiffany,WI,07,RepTiffany,,https://pressgallery.house.gov/member-data/members-official-x-handles-119th-congress,,
Republican,William Timmons,SC,04,RepTimmons,,https://pressgallery.house.gov/member-data/members-official-x-handles-119th-congress,,
Democratic,Dina Titus,NV,01,repdinatitus,,https://pressgallery.house.gov/member-data/members-official-x-handles-119th-congress,,
Democratic,Rashida Tlaib,MI,12,RepRashida,,https://pressgallery.house.gov/member-data/members-official-x-handles-119th-congress,,
Democratic,Jill Tokuda,HI,02,RepJillTokuda,,https://pressgallery.house.gov/member-data/members-official-x-handles-119th-congress,,
Democratic,Paul Tonko,NY,20,RepPaulTonko,,https://pressgallery.house.gov/member-data/members-official-x-handles-119th-congress,,
Democratic,Norma Torres,CA,35,NormaJTorres,,https://pressgallery.house.gov/member-data/members-official-x-handles-119th-congress,,
Democratic,Ritchie Torres,NY,15,RepRitchie,,https://pressgallery.house.gov/member-data/members-official-x-handles-119th-congress,,
Democratic,Lori Trahan,MA,03,RepLoriTrahan,,https://pressgallery.house.gov/member-data/members-official-x-handles-119th-congress,,
Democratic,Derek Tran,CA,45,RepDerekTranCA,,https://pressgallery.house.gov/member-data/members-official-x-handles-119th-congress,,
Republican,Michael Turner,OH,10,RepMikeTurner,,https://pressgallery.house.gov/member-data/members-official-x-handles-119th-congress,,
Democratic,Lauren Underwood,IL,14,RepUnderwood,,https://pressgallery.house.gov/member-data/members-official-x-handles-119th-congress,,
Republican,David Valadao,CA,22,RepDavidValadao,,https://pressgallery.house.gov/member-data/members-official-x-handles-119th-congress,,
Republican,Jefferson Van Drew,NJ,02,Congressman_JVD,,https://pressgallery.house.gov/member-data/members-official-x-handles-119th-congress,,
Republican,Beth Van Duyne,TX,24,RepBethVanDuyne,,https://pressgallery.house.gov/member-data/members-official-x-handles-119th-congress,,
Republican,Matt Van Epps,TN,07,repvanepps,,https://pressgallery.house.gov/member-data/members-official-x-handles-119th-congress,,
Republican,Derrick Van Orden,WI,03,RepVanOrden,,https://pressgallery.house.gov/member-data/members-official-x-handles-119th-congress,,
Democratic,Juan Vargas,CA,52,RepJuanVargas,,https://pressgallery.house.gov/member-data/members-official-x-handles-119th-congress,,
Democratic,Gabe Vasquez,NM,02,RepGabeVasquez,,https://pressgallery.house.gov/member-data/members-official-x-handles-119th-congress,,
Democratic,Marc Veasey,TX,33,RepVeasey,,https://pressgallery.house.gov/member-data/members-official-x-handles-119th-congress,,
Democratic,Nydia Velázquez,NY,07,NydiaVelazquez,,https://pressgallery.house.gov/member-data/members-official-x-handles-119th-congress,,
Democratic,Eugene Vindman,VA,07,RepVindman,,https://pressgallery.house.gov/member-data/members-official-x-handles-119th-congress,,
Republican,Ann Wagner,MO,02,RepAnnWagner,,https://pressgallery.house.gov/member-data/members-official-x-handles-119th-congress,,
Republican,Tim Walberg,MI,05,RepWalberg,,https://pressgallery.house.gov/member-data/members-official-x-handles-119th-congress,,
Democratic,James Walkinshaw,VA,11,Rep_Walkinshaw,,https://pressgallery.house.gov/member-data/members-official-x-handles-119th-congress,,
Democratic,Debbie Wasserman Schultz,FL,25,RepDWStweets,,https://pressgallery.house.gov/member-data/members-official-x-handles-119th-congress,,
Democratic,Maxine Waters,CA,43,RepMaxineWaters,,https://pressgallery.house.gov/member-data/members-official-x-handles-119th-congress,,
Democratic,Bonnie Watson Coleman,NJ,12,RepBonnie,,https://pressgallery.house.gov/member-data/members-official-x-handles-119th-congress,,
Republican,Randy Weber,TX,14,TXRandy14,,https://pressgallery.house.gov/member-data/members-official-x-handles-119th-congress,,
Republican,Daniel Webster,FL,11,RepWebster,,https://pressgallery.house.gov/member-data/members-official-x-handles-119th-congress,,
Republican,Bruce Westerman,AR,04,RepWesterman,,https://pressgallery.house.gov/member-data/members-official-x-handles-119th-congress,,
Democratic,George Whitesides,CA,27,Rep_Whitesides,,https://pressgallery.house.gov/member-data/members-official-x-handles-119th-congress,,
Republican,Tony Wied,WI,08,RepTonyWied,,https://pressgallery.house.gov/member-data/members-official-x-handles-119th-congress,,
Democratic,Nikema Williams,GA,05,RepNikema,,https://pressgallery.house.gov/member-data/members-official-x-handles-119th-congress,,
Republican,Roger Williams,TX,25,RepRWilliams,,https://pressgallery.house.gov/member-data/members-official-x-handles-119th-congress,,
Democratic,Frederica Wilson,FL,24,RepWilson,,https://pressgallery.house.gov/member-data/members-official-x-handles-119th-congress,,
Republican,Joe Wilson,SC,02,RepJoeWilson,,https://pressgallery.house.gov/member-data/members-official-x-handles-119th-congress,,
Republican,Robert Wittman,VA,01,RobWittman,,https://pressgallery.house.gov/member-data/members-official-x-handles-119th-congress,,
Republican,Steve Womack,AR,03,rep_stevewomack,,https://pressgallery.house.gov/member-data/members-official-x-handles-119th-congress,,
Republican,Rudy Yakym,IN,02,RepRudyYakym,,https://pressgallery.house.gov/member-data/members-official-x-handles-119th-congress,,
Republican,Ryan Zinke,MT,01,RepRyanZinke,,https://pressgallery.house.gov/member-data/members-official-x-handles-119th-congress,,
