party,name,state,district,twitter_username,twitter_id,tweet_count,eligible,included_in_balanced_corpus,exclusion_reason,user_code,source_url
Democratic,Alma Adams,NC,12,RepAdams,,50,True,true,,dem007,https://pressgallery.house.gov/member-data/members-official-x-handles-119th-congress
Republican,Robert Aderholt,AL,04,Robert_Aderholt,,50,True,true,,rep167,https://pressgallery.house.gov/member-data/members-official-x-handles-119th-congress
Democratic,Pete Aguilar,CA,33,RepPeteAguilar,,50,True,true,,dem152,https://pressgallery.house.gov/member-data/members-official-x-handles-119th-congress
Republican,Mark Alford,MO,04,RepMarkAlford,,50,True,true,,rep118,https://pressgallery.house.gov/member-data/members-official-x-handles-119th-congress
Republican,Rick Allen,GA,12,RepRickAllen,,50,True,true,,rep165,https://pressgallery.house.gov/member-data/members-official-x-handles-119th-congress
Democratic,Gabe Amo,RI,01,RepGabeAmo,,50,True,true,,dem051,https://pressgallery.house.gov/member-data/members-official-x-handles-119th-congress
Republican,Mark Amodei,NV,02,MarkAmodeiNV2,,50,True,true,,rep119,https://pressgallery.house.gov/member-data/members-official-x-handles-119th-congress
Democratic,Yassamin Ansari,AZ,03,RepYassAnsari,,50,True,true,,dem203,https://pressgallery.house.gov/member-data/members-official-x-handles-119th-congress
Republican,Jodey Arrington,TX,19,RepArrington,,50,True,true,,rep093,https://pressgallery.house.gov/member-data/members-official-x-handles-119th-congress
Democratic,Jake Auchincloss,MA,04,RepAuchincloss,,50,True,true,,dem071,https://pressgallery.house.gov/member-data/members-official-x-handles-119th-congress
Republican,Brian Babin,TX,36,RepBrianBabin,,50,True,true,,rep027,https://pressgallery.house.gov/member-data/members-official-x-handles-119th-congress
Republican,Don Bacon,NE,02,RepDonBacon,,50,True,true,,rep064,https://pressgallery.house.gov/member-data/members-official-x-handles-119th-congress
Republican,James Baird,IN,04,RepJimBaird,,50,True,true,,rep083,https://pressgallery.house.gov/member-data/members-official-x-handles-119th-congress
Republican,Troy Balderson,OH,12,RepBalderson,,50,True,true,,rep201,https://pressgallery.house.gov/member-data/members-official-x-handles-119th-congress
Democratic,Becca Balint,VT,00,RepBeccaB,,50,True,true,,dem014,https://pressgallery.house.gov/member-data/members-official-x-handles-119th-congress
Republican,Andy Barr,KY,06,RepAndyBarr,,50,True,true,,rep008,https://pressgallery.house.gov/member-data/members-official-x-handles-119th-congress
Democratic,Nanette Barragán,CA,44,RepBarragan,,50,True,true,,dem144,https://pressgallery.house.gov/member-data/members-official-x-handles-119th-congress
Republican,Tom Barrett,MI,07,RepTomBarrett,,50,True,true,,rep193,https://pressgallery.house.gov/member-data/members-official-x-handles-119th-congress
Republican,Michael Baumgartner,WA,05,RepBaumgartner,,50,True,true,,rep125,https://pressgallery.house.gov/member-data/members-official-x-handles-119th-congress
Republican,Aaron Bean,FL,04,RepAaronBean,,50,True,true,,rep001,https://pressgallery.house.gov/member-data/members-official-x-handles-119th-congress
Democratic,Joyce Beatty,OH,03,RepBeatty,,50,True,true,,dem100,https://pressgallery.house.gov/member-data/members-official-x-handles-119th-congress
Republican,Nick Begich,AK,00,RepNickBegich,,50,True,true,,rep151,https://pressgallery.house.gov/member-data/members-official-x-handles-119th-congress
Democratic,Wesley Bell,MO,01,RepWesleyBellMO,,50,True,true,,dem201,https://pressgallery.house.gov/member-data/members-official-x-handles-119th-congress
Republican,Cliff Bentz,OR,02,RepBentz,,50,True,true,,rep045,https://pressgallery.house.gov/member-data/members-official-x-handles-119th-congress
Democratic,Ami Bera,CA,06,RepBera,,50,True,true,,dem008,https://pressgallery.house.gov/member-data/members-official-x-handles-119th-congress
Republican,Jack Bergman,MI,01,RepJackBergman,,42,True,true,,rep081,https://pressgallery.house.gov/member-data/members-official-x-handles-119th-congress
Democratic,Donald Beyer,VA,08,RepDonBeyer,,50,True,true,,dem039,https://pressgallery.house.gov/member-data/members-official-x-handles-119th-congress
Republican,Stephanie Bice,OK,05,RepBice,,50,True,true,,rep184,https://pressgallery.house.gov/member-data/members-official-x-handles-119th-congress
Republican,Andy Biggs,AZ,05,RepAndyBiggsAZ,,50,True,true,,rep009,https://pressgallery.house.gov/member-data/members-official-x-handles-119th-congress
Republican,Sheri Biggs,SC,03,RepSheriBiggs,,50,True,true,,rep183,https://pressgallery.house.gov/member-data/members-official-x-handles-119th-congress
Republican,Gus Bilirakis,FL,12,RepGusBilirakis,,50,True,true,,rep077,https://pressgallery.house.gov/member-data/members-official-x-handles-119th-congress
Democratic,Sanford Bishop,GA,02,SanfordBishop,,50,True,true,,dem168,https://pressgallery.house.gov/member-data/members-official-x-handles-119th-congress
Republican,Lauren Boebert,CO,04,RepBoebert,,50,True,true,,rep112,https://pressgallery.house.gov/member-data/members-official-x-handles-119th-congress
Democratic,Suzanne Bonamici,OR,01,RepBonamici,,0,False,false,,,https://pressgallery.house.gov/member-data/members-official-x-handles-119th-congress
Republican,Mike Bost,IL,12,RepBost,,50,True,true,,rep134,https://pressgallery.house.gov/member-data/members-official-x-handles-119th-congress
Democratic,Brendan Boyle,PA,02,CongBoyle,,50,True,true,,dem021,https://pressgallery.house.gov/member-data/members-official-x-handles-119th-congress
Republican,Josh Brecheen,OK,02,RepBrecheen,,50,True,true,,rep102,https://pressgallery.house.gov/member-data/members-official-x-handles-119th-congress
Republican,Robert Bresnahan Jr.,PA,08,RepBresnahan,,50,True,true,,rep168,https://pressgallery.house.gov/member-data/members-official-x-handles-119th-congress
Democratic,Shontel Brown,OH,11,RepShontelBrown,,50,True,true,,dem179,https://pressgallery.house.gov/member-data/members-official-x-handles-119th-congress
Democratic,Julia Brownley,CA,26,RepBrownley,,50,True,true,,dem103,https://pressgallery.house.gov/member-data/members-official-x-handles-119th-congress
Republican,Vern Buchanan,FL,16,VernBuchanan,,50,True,true,,rep204,https://pressgallery.house.gov/member-data/members-official-x-handles-119th-congress
Democratic,Nikki Budzinski,IL,13,RepNikkiB,,50,True,true,,dem147,https://pressgallery.house.gov/member-data/members-official-x-handles-119th-congress
Republican,Tim Burchett,TN,02,RepTimBurchett,,50,True,true,,rep190,https://pressgallery.house.gov/member-data/members-official-x-handles-119th-congress
Republican,Eric Burlison,MO,07,RepEricBurlison,,50,True,true,,rep068,https://pressgallery.house.gov/member-data/members-official-x-handles-119th-congress
Democratic,Janelle Bynum,OR,05,RepBynum,,50,True,true,,dem075,https://pressgallery.house.gov/member-data/members-official-x-handles-119th-congress
Republican,Ken Calvert,CA,41,KenCalvert,,50,True,true,,rep108,https://pressgallery.house.gov/member-data/members-official-x-handles-119th-congress
Republican,Kat Cammack,FL,03,RepKatCammack,,50,True,true,,rep106,https://pressgallery.house.gov/member-data/members-official-x-handles-119th-congress
Democratic,Salud Carbajal,CA,24,RepCarbajal,,50,True,true,,dem166,https://pressgallery.house.gov/member-data/members-official-x-handles-119th-congress
Republican,Mike Carey,OH,15,RepMikeCarey,,50,True,true,,rep135,https://pressgallery.house.gov/member-data/members-official-x-handles-119th-congress
Democratic,André Carson,IN,07,RepAndreCarson,,50,True,true,,dem010,https://pressgallery.house.gov/member-data/members-official-x-handles-119th-congress
Republican,Buddy Carter,GA,01,RepBuddyCarter,,50,True,true,,rep033,https://pressgallery.house.gov/member-data/members-official-x-handles-119th-congress
Republican,John Carter,TX,31,JudgeCarter,,50,True,true,,rep095,https://pressgallery.house.gov/member-data/members-official-x-handles-119th-congress
Democratic,Troy Carter,LA,02,RepTroyCarter,,50,True,true,,dem196,https://pressgallery.house.gov/member-data/members-official-x-handles-119th-congress
Democratic,Greg Casar,TX,35,RepCasar,,50,True,true,,dem058,https://pressgallery.house.gov/member-data/members-official-x-handles-119th-congress
Democratic,Ed Case,HI,01,RepEdCase,,50,True,true,,dem043,https://pressgallery.house.gov/member-data/members-official-x-handles-119th-congress
Democratic,Sean Casten,IL,06,RepCasten,,50,True,true,,dem173,https://pressgallery.house.gov/member-data/members-official-x-handles-119th-congress
Democratic,Kathy Castor,FL,14,USRepKCastor,,50,True,true,,dem106,https://pressgallery.house.gov/member-data/members-official-x-handles-119th-congress
Democratic,Joaquin Castro,TX,20,JoaquinCastrotx,,50,True,true,,dem088,https://pressgallery.house.gov/member-data/members-official-x-handles-119th-congress
Democratic,Sheila Cherfilus-McCormick,FL,20,CongresswomanSC,,50,True,true,,dem177,https://pressgallery.house.gov/member-data/members-official-x-handles-119th-congress
Democratic,Judy Chu,CA,28,RepJudyChu,,50,True,true,,dem102,https://pressgallery.house.gov/member-data/members-official-x-handles-119th-congress
Republican,Juan Ciscomani,AZ,06,RepCiscomani,,50,True,true,,rep103,https://pressgallery.house.gov/member-data/members-official-x-handles-119th-congress
Democratic,Gil Cisneros,CA,31,RepGilCisneros,,50,True,true,,dem055,https://pressgallery.house.gov/member-data/members-official-x-handles-119th-congress
Democratic,Katherine Clark,MA,05,WhipKClark,,50,True,true,,dem105,https://pressgallery.house.gov/member-data/members-official-x-handles-119th-congress
Democratic,Yvette Clarke,NY,09,RepYvetteClarke,,50,True,true,,dem204,https://pressgallery.house.gov/member-data/members-official-x-handles-119th-congress
Democratic,Emanuel Cleaver,MO,05,repcleaver,,50,True,true,,dem044,https://pressgallery.house.gov/member-data/members-official-x-handles-119th-congress
Republican,Ben Cline,VA,06,RepBenCline,,50,True,true,,rep018,https://pressgallery.house.gov/member-data/members-official-x-handles-119th-congress
Republican,Michael Cloud,TX,27,RepMichaelCloud,,50,True,true,,rep126,https://pressgallery.house.gov/member-data/members-official-x-handles-119th-congress
Democratic,James Clyburn,SC,06,WhipClyburn,,15,False,false,,,https://pressgallery.house.gov/member-data/members-official-x-handles-119th-congress
Republican,Andrew Clyde,GA,09,Rep_Clyde,,50,True,true,,rep005,https://pressgallery.house.gov/member-data/members-official-x-handles-119th-congress
Democratic,Steve Cohen,TN,09,RepCohen,,50,True,true,,dem183,https://pressgallery.house.gov/member-data/members-official-x-handles-119th-congress
Republican,Tom Cole,OK,04,TomColeOK04,,50,True,true,,rep194,https://pressgallery.house.gov/member-data/members-official-x-handles-119th-congress
Republican,Mike Collins,GA,10,RepMikeCollins,,50,True,true,,rep136,https://pressgallery.house.gov/member-data/members-official-x-handles-119th-congress
Republican,James Comer,KY,01,RepJamesComer,,50,True,true,,rep084,https://pressgallery.house.gov/member-data/members-official-x-handles-119th-congress
Democratic,Herb Conaway,NJ,03,RepHerbConaway,,50,True,true,,dem067,https://pressgallery.house.gov/member-data/members-official-x-handles-119th-congress
Democratic,Lou Correa,CA,46,RepLouCorrea,,50,True,true,,dem122,https://pressgallery.house.gov/member-data/members-official-x-handles-119th-congress
Democratic,Jim Costa,CA,21,RepJimCosta,,50,True,true,,dem085,https://pressgallery.house.gov/member-data/members-official-x-handles-119th-congress
Democratic,Joe Courtney,CT,02,RepJoeCourtney,,50,True,true,,dem089,https://pressgallery.house.gov/member-data/members-official-x-handles-119th-congress
Democratic,Angie Craig,MN,02,RepAngieCraig,,50,True,true,,dem011,https://pressgallery.house.gov/member-data/members-official-x-handles-119th-congress
Republican,Elijah Crane,AZ,02,RepEliCrane,,50,True,true,,rep066,https://pressgallery.house.gov/member-data/members-official-x-handles-119th-congress
Republican,Jeff Crank,CO,05,RepJeffCrank,,50,True,true,,rep087,https://pressgallery.house.gov/member-data/members-official-x-handles-119th-congress
Republican,Ric Crawford,AR,01,RepRickCrawford,,50,True,true,,rep162,https://pressgallery.house.gov/member-data/members-official-x-handles-119th-congress
Republican,Dan Crenshaw,TX,02,RepDanCrenshaw,,50,True,true,,rep049,https://pressgallery.house.gov/member-data/members-official-x-handles-119th-congress
Democratic,Jasmine Crockett,TX,30,RepJasmine,,50,True,true,,dem079,https://pressgallery.house.gov/member-data/members-official-x-handles-119th-congress
Democratic,Jason Crow,CO,06,RepJasonCrow,,50,True,true,,dem080,https://pressgallery.house.gov/member-data/members-official-x-handles-119th-congress
Democratic,Henry Cuellar,TX,28,RepCuellar,,50,True,true,,dem066,https://pressgallery.house.gov/member-data/members-official-x-handles-119th-congress
Democratic,Sharice Davids,KS,03,RepDavids,,50,True,true,,dem176,https://pressgallery.house.gov/member-data/members-official-x-handles-119th-congress
Republican,Warren Davidson,OH,08,WarrenDavidson,,50,True,true,,rep209,https://pressgallery.house.gov/member-data/members-official-x-handles-119th-congress
Democratic,Danny Davis,IL,07,RepDannyDavis,,50,True,true,,dem029,https://pressgallery.house.gov/member-data/members-official-x-handles-119th-congress
Democratic,Don Davis,NC,01,RepDonDavis,,50,True,true,,dem038,https://pressgallery.house.gov/member-data/members-official-x-handles-119th-congress
Republican,Monica De La Cruz,TX,15,RepMonicaDLC,,50,True,true,,rep144,https://pressgallery.house.gov/member-data/members-official-x-handles-119th-congress
Democratic,Madeleine Dean,PA,04,RepDean,,50,True,true,,dem125,https://pressgallery.house.gov/member-data/members-official-x-handles-119th-congress
Democratic,Diana DeGette,CO,01,RepDianaDeGette,,50,True,true,,dem036,https://pressgallery.house.gov/member-data/members-official-x-handles-119th-congress
Democratic,Rosa DeLauro,CT,03,rosadelauro,,50,True,true,,dem165,https://pressgallery.house.gov/member-data/members-official-x-handles-119th-congress
Democratic,Suzan DelBene,WA,01,RepDelBene,,50,True,true,,dem188,https://pressgallery.house.gov/member-data/members-official-x-handles-119th-congress
Democratic,Christopher Deluzio,PA,17,RepDeluzio,,50,True,true,,dem026,https://pressgallery.house.gov/member-data/members-official-x-handles-119th-congress
Democratic,Mark DeSaulnier,CA,10,RepDeSaulnier,,50,True,true,,dem131,https://pressgallery.house.gov/member-data/members-official-x-handles-119th-congress
Republican,Scott DesJarlais,TN,04,DesJarlaisTN04,,50,True,true,,rep180,https://pressgallery.house.gov/member-data/members-official-x-handles-119th-congress
Democratic,Maxine Dexter,OR,03,RepDexterOR,,50,True,true,,dem135,https://pressgallery.house.gov/member-data/members-official-x-handles-119th-congress
Republican,Mario Diaz-Balart,FL,26,MarioDB,,50,True,true,,rep117,https://pressgallery.house.gov/member-data/members-official-x-handles-119th-congress
Democratic,Debbie Dingell,MI,06,RepDebDingell,,50,True,true,,dem031,https://pressgallery.house.gov/member-data/members-official-x-handles-119th-congress
Democratic,Lloyd Doggett,TX,37,RepLloydDoggett,,50,True,true,,dem119,https://pressgallery.house.gov/member-data/members-official-x-handles-119th-congress
Republican,Byron Donalds,FL,19,RepDonaldsPress,,50,True,true,,rep035,https://pressgallery.house.gov/member-data/members-official-x-handles-119th-congress
Republican,Troy Downing,MT,02,RepTroyDowning,,50,True,true,,rep202,https://pressgallery.house.gov/member-data/members-official-x-handles-119th-congress
Republican,Neal Dunn,FL,02,DrNealDunnFL2,,50,True,true,,rep149,https://pressgallery.house.gov/member-data/members-official-x-handles-119th-congress
Republican,Chuck Edwards,NC,11,RepChuckEdwards,,50,True,true,,rep042,https://pressgallery.house.gov/member-data/members-official-x-handles-119th-congress
Democratic,Sarah Elfreth,MD,03,RepSarahElfreth,,50,True,true,,dem170,https://pressgallery.house.gov/member-data/members-official-x-handles-119th-congress
Republican,Jake Ellzey,TX,06,RepEllzey,,50,True,true,,rep082,https://pressgallery.house.gov/member-data/members-official-x-handles-119th-congress
Republican,Tom Emmer,MN,06,GOPMajorityWhip,,50,True,true,,rep195,https://pressgallery.house.gov/member-data/members-official-x-handles-119th-congress
Democratic,Veronica Escobar,TX,16,RepEscobar,,50,True,true,,dem199,https://pressgallery.house.gov/member-data/members-official-x-handles-119th-congress
Democratic,Adriano Espaillat,NY,13,RepEspaillat,,50,True,true,,dem004,https://pressgallery.house.gov/member-data/members-official-x-handles-119th-congress
Republican,Ron Estes,KS,04,RepRonEstes,,50,True,true,,rep172,https://pressgallery.house.gov/member-data/members-official-x-handles-119th-congress
Democratic,Dwight Evans,PA,03,RepDwightEvans,,50,True,true,,dem042,https://pressgallery.house.gov/member-data/members-official-x-handles-119th-congress
Republican,Gabe Evans,CO,08,repgabeevans,,50,True,true,,rep072,https://pressgallery.house.gov/member-data/members-official-x-handles-119th-congress
Republican,Mike Ezell,MS,04,RepEzell,,50,True,true,,rep137,https://pressgallery.house.gov/member-data/members-official-x-handles-119th-congress
Republican,Pat Fallon,TX,04,RepPatFallon,,50,True,true,,rep153,https://pressgallery.house.gov/member-data/members-official-x-handles-119th-congress
Republican,Julie Fedorchak,ND,00,RepFedorchak,,50,True,true,,rep105,https://pressgallery.house.gov/member-data/members-official-x-handles-119th-congress
Republican,Randy Feenstra,IA,04,RepFeenstra,,50,True,true,,rep159,https://pressgallery.house.gov/member-data/members-official-x-handles-119th-congress
Democratic,Cleo Fields,LA,06,RepFields,,50,True,true,,dem027,https://pressgallery.house.gov/member-data/members-official-x-handles-119th-congress
Democratic,Shomari Figures,AL,02,repscfigures,,50,True,true,,dem178,https://pressgallery.house.gov/member-data/members-official-x-handles-119th-congress
Republican,Randy Fine,FL,06,RepFine,,50,True,true,,rep160,https://pressgallery.house.gov/member-data/members-official-x-handles-119th-congress
Republican,Brad Finstad,MN,01,repfinstad,,50,True,true,,rep023,https://pressgallery.house.gov/member-data/members-official-x-handles-119th-congress
Republican,Michelle Fischbach,MN,07,RepFischbach,,50,True,true,,rep133,https://pressgallery.house.gov/member-data/members-official-x-handles-119th-congress
Republican,Scott Fitzgerald,WI,05,RepFitzgerald,,50,True,true,,rep181,https://pressgallery.house.gov/member-data/members-official-x-handles-119th-congress
Republican,Brian Fitzpatrick,PA,01,RepBrianFitz,,50,True,true,,rep028,https://pressgallery.house.gov/member-data/members-official-x-handles-119th-congress
Republican,Charles Fleischmann,TN,03,RepChuck,,50,True,true,,rep040,https://pressgallery.house.gov/member-data/members-official-x-handles-119th-congress
Democratic,Lizzie Fletcher,TX,07,RepFletcher,,50,True,true,,dem118,https://pressgallery.house.gov/member-data/members-official-x-handles-119th-congress
Republican,Mike Flood,NE,01,USRepMikeFlood,,50,True,true,,rep138,https://pressgallery.house.gov/member-data/members-official-x-handles-119th-congress
Republican,Vince Fong,CA,20,RepVinceFong,,50,True,true,,rep206,https://pressgallery.house.gov/member-data/members-official-x-handles-119th-congress
Democratic,Bill Foster,IL,11,RepBillFoster,,50,True,true,,dem017,https://pressgallery.house.gov/member-data/members-official-x-handles-119th-congress
Democratic,Valerie Foushee,NC,04,ValerieFoushee,,50,True,true,,dem198,https://pressgallery.house.gov/member-data/members-official-x-handles-119th-congress
Republican,Virginia Foxx,NC,05,virginiafoxx,,50,True,true,,rep207,https://pressgallery.house.gov/member-data/members-official-x-handles-119th-congress
Democratic,Lois Frankel,FL,22,RepLoisFrankel,,50,True,true,,dem120,https://pressgallery.house.gov/member-data/members-official-x-handles-119th-congress
Republican,C. Franklin,FL,18,RepFranklin,,50,True,true,,rep036,https://pressgallery.house.gov/member-data/members-official-x-handles-119th-congress
Democratic,Laura Friedman,CA,30,RepFriedmanCA,,50,True,true,,dem114,https://pressgallery.house.gov/member-data/members-official-x-handles-119th-congress
Democratic,Maxwell Frost,FL,10,RepMaxwellFrost,,50,True,true,,dem137,https://pressgallery.house.gov/member-data/members-official-x-handles-119th-congress
Republican,Russell Fry,SC,07,RepRussellFry,,50,True,true,,rep176,https://pressgallery.house.gov/member-data/members-official-x-handles-119th-congress
Republican,Russ Fulcher,ID,01,RepRussFulcher,,50,True,true,,rep175,https://pressgallery.house.gov/member-data/members-official-x-handles-119th-congress
Republican,Clay Fuller,GA,14,RepClayFuller,,0,False,false,,,https://pressgallery.house.gov/member-data/members-official-x-handles-119th-congress
Democratic,John Garamendi,CA,08,RepGaramendi,,50,True,true,,dem091,https://pressgallery.house.gov/member-data/members-official-x-handles-119th-congress
Republican,Andrew Garbarino,NY,02,RepGarbarino,,50,True,true,,rep006,https://pressgallery.house.gov/member-data/members-official-x-handles-119th-congress
Democratic,Robert Garcia,CA,42,RepRobertGarcia,,50,True,true,,dem161,https://pressgallery.house.gov/member-data/members-official-x-handles-119th-congress
Democratic,Sylvia Garcia,TX,29,RepSylviaGarcia,,50,True,true,,dem190,https://pressgallery.house.gov/member-data/members-official-x-handles-119th-congress
Democratic,Jesús García,IL,04,RepChuyGarcia,,50,True,true,,dem083,https://pressgallery.house.gov/member-data/members-official-x-handles-119th-congress
Republican,Brandon Gill,TX,26,RepBrandonGill,,50,True,true,,rep025,https://pressgallery.house.gov/member-data/members-official-x-handles-119th-congress
Democratic,Laura Gillen,NY,04,RepLauraGillen,,50,True,true,,dem115,https://pressgallery.house.gov/member-data/members-official-x-handles-119th-congress
Republican,Carlos Gimenez,FL,28,RepCarlos,,50,True,true,,rep037,https://pressgallery.house.gov/member-data/members-official-x-handles-119th-congress
Democratic,Marie Gluesenkamp Perez,WA,03,RepMGP,,50,True,true,,dem129,https://pressgallery.house.gov/member-data/members-official-x-handles-119th-congress
Democratic,Jared Golden,ME,02,RepGolden,,50,True,true,,dem076,https://pressgallery.house.gov/member-data/members-official-x-handles-119th-congress
Republican,Craig Goldman,TX,12,RepCraigGoldman,,50,True,true,,rep047,https://pressgallery.house.gov/member-data/members-official-x-handles-119th-congress
Democratic,Daniel Goldman,NY,10,RepDanGoldman,,50,True,true,,dem028,https://pressgallery.house.gov/member-data/members-official-x-handles-119th-congress
Democratic,Jimmy Gomez,CA,34,RepJimmyGomez,,50,True,true,,dem086,https://pressgallery.house.gov/member-data/members-official-x-handles-119th-congress
Republican,Tony Gonzales,TX,23,RepTonyGonzales,,50,True,true,,rep197,https://pressgallery.house.gov/member-data/members-official-x-handles-119th-congress
Democratic,Vicente Gonzalez,TX,34,RepGonzalez,,50,True,true,,dem200,https://pressgallery.house.gov/member-data/members-official-x-handles-119th-congress
Democratic,Maggie Goodlander,NH,02,RepGoodlander,,50,True,true,,dem126,https://pressgallery.house.gov/member-data/members-official-x-handles-119th-congress
Republican,Paul Gosar,AZ,09,RepGosar,,50,True,true,,rep155,https://pressgallery.house.gov/member-data/members-official-x-handles-119th-congress
Democratic,Josh Gottheimer,NJ,05,RepJoshG,,50,True,true,,dem097,https://pressgallery.house.gov/member-data/members-official-x-handles-119th-congress
Republican,Sam Graves,MO,06,RepSamGraves,,50,True,true,,rep179,https://pressgallery.house.gov/member-data/members-official-x-handles-119th-congress
Democratic,Adam Gray,CA,13,RepAdamGrayCA,,50,True,true,,dem001,https://pressgallery.house.gov/member-data/members-official-x-handles-119th-congress
Democratic,Al Green,TX,09,RepAlGreen,,50,True,true,,dem005,https://pressgallery.house.gov/member-data/members-official-x-handles-119th-congress
Republican,Morgan Griffith,VA,09,RepMGriffith,,50,True,true,,rep145,https://pressgallery.house.gov/member-data/members-official-x-handles-119th-congress
Democratic,Adelita Grijalva,AZ,07,Rep_Grijalva,,48,True,true,,dem003,https://pressgallery.house.gov/member-data/members-official-x-handles-119th-congress
Republican,Glenn Grothman,WI,06,RepGrothman,,50,True,true,,rep074,https://pressgallery.house.gov/member-data/members-official-x-handles-119th-congress
Republican,Michael Guest,MS,03,RepMichaelGuest,,50,True,true,,rep127,https://pressgallery.house.gov/member-data/members-official-x-handles-119th-congress
Republican,Brett Guthrie,KY,02,RepGuthrie,,50,True,true,,rep026,https://pressgallery.house.gov/member-data/members-official-x-handles-119th-congress
Republican,Harriet Hageman,WY,00,RepHageman,,50,True,true,,rep080,https://pressgallery.house.gov/member-data/members-official-x-handles-119th-congress
Republican,Abe Hamadeh,AZ,08,RepAbeHamadeh,,50,True,true,,rep002,https://pressgallery.house.gov/member-data/members-official-x-handles-119th-congress
Democratic,Josh Harder,CA,09,RepJoshHarder,,50,True,true,,dem098,https://pressgallery.house.gov/member-data/members-official-x-handles-119th-congress
Republican,Mike Haridopolos,FL,08,RepHaridopolos,,50,True,true,,rep139,https://pressgallery.house.gov/member-data/members-official-x-handles-119th-congress
Republican,Pat Harrigan,NC,10,RepPatHarrigan,,50,True,true,,rep154,https://pressgallery.house.gov/member-data/members-official-x-handles-119th-congress
Republican,Andy Harris,MD,01,RepAndyHarrisMD,,50,True,true,,rep010,https://pressgallery.house.gov/member-data/members-official-x-handles-119th-congress
Republican,Mark Harris,NC,08,RepMarkHarrisNC,,50,True,true,,rep120,https://pressgallery.house.gov/member-data/members-official-x-handles-119th-congress
Republican,Diana Harshbarger,TN,01,RepHarshbarger,,50,True,true,,rep063,https://pressgallery.house.gov/member-data/members-official-x-handles-119th-congress
Democratic,Jahana Hayes,CT,05,RepJahanaHayes,,50,True,true,,dem070,https://pressgallery.house.gov/member-data/members-official-x-handles-119th-congress
Republican,Kevin Hern,OK,01,repkevinhern,,50,True,true,,rep109,https://pressgallery.house.gov/member-data/members-official-x-handles-119th-congress
Republican,Clay Higgins,LA,03,RepClayHiggins,,50,True,true,,rep044,https://pressgallery.house.gov/member-data/members-official-x-handles-119th-congress
Republican,French Hill,AR,02,RepFrenchHill,,50,True,true,,rep071,https://pressgallery.house.gov/member-data/members-official-x-handles-119th-congress
Republican,Ashley Hinson,IA,02,RepAshleyHinson,,50,True,true,,rep013,https://pressgallery.house.gov/member-data/members-official-x-handles-119th-congress
Democratic,Steven Horsford,NV,04,RepHorsford,,50,True,true,,dem184,https://pressgallery.house.gov/member-data/members-official-x-handles-119th-congress
Republican,Erin Houchin,IN,09,RepHouchin,,50,True,true,,rep069,https://pressgallery.house.gov/member-data/members-official-x-handles-119th-congress
Democratic,Chrissy Houlahan,PA,06,RepHoulahan,,50,True,true,,dem025,https://pressgallery.house.gov/member-data/members-official-x-handles-119th-congress
Democratic,Steny Hoyer,MD,05,RepStenyHoyer,,50,True,true,,dem181,https://pressgallery.house.gov/member-data/members-official-x-handles-119th-congress
Democratic,Val Hoyle,OR,04,repvalhoyle,,50,True,true,,dem197,https://pressgallery.house.gov/member-data/members-official-x-handles-119th-congress
Republican,Richard Hudson,NC,09,RepRichHudson,,50,True,true,,rep163,https://pressgallery.house.gov/member-data/members-official-x-handles-119th-congress
Democratic,Jared Huffman,CA,02,RepHuffman,,50,True,true,,dem077,https://pressgallery.house.gov/member-data/members-official-x-handles-119th-congress
Republican,Bill Huizenga,MI,04,RepHuizenga,,50,True,true,,rep020,https://pressgallery.house.gov/member-data/members-official-x-handles-119th-congress
Republican,Wesley Hunt,TX,38,RepWesleyHunt,,0,False,false,,,https://pressgallery.house.gov/member-data/members-official-x-handles-119th-congress
Republican,Jeff Hurd,CO,03,RepJeffHurd,,50,True,true,,rep088,https://pressgallery.house.gov/member-data/members-official-x-handles-119th-congress
Republican,Darrell Issa,CA,48,repdarrellissa,,50,True,true,,rep054,https://pressgallery.house.gov/member-data/members-official-x-handles-119th-congress
Democratic,Glenn Ivey,MD,04,RepGlennIvey,,50,True,true,,dem056,https://pressgallery.house.gov/member-data/members-official-x-handles-119th-congress
Republican,Brian Jack,GA,03,RepBrianJack,,50,True,true,,rep029,https://pressgallery.house.gov/member-data/members-official-x-handles-119th-congress
Democratic,Jonathan Jackson,IL,01,rep_jackson,,50,True,true,,dem095,https://pressgallery.house.gov/member-data/members-official-x-handles-119th-congress
Republican,Ronny Jackson,TX,13,RepRonnyJackson,,50,True,true,,rep173,https://pressgallery.house.gov/member-data/members-official-x-handles-119th-congress
Democratic,Sara Jacobs,CA,51,RepSaraJacobs,,50,True,true,,dem169,https://pressgallery.house.gov/member-data/members-official-x-handles-119th-congress
Republican,John James,MI,10,RepJames,,50,True,true,,rep096,https://pressgallery.house.gov/member-data/members-official-x-handles-119th-congress
Democratic,Pramila Jayapal,WA,07,RepJayapal,,50,True,true,,dem153,https://pressgallery.house.gov/member-data/members-official-x-handles-119th-congress
Democratic,Hakeem Jeffries,NY,08,RepJeffries,,50,True,true,,dem063,https://pressgallery.house.gov/member-data/members-official-x-handles-119th-congress
Republican,Dusty Johnson,SD,00,RepDustyJohnson,,50,True,true,,rep065,https://pressgallery.house.gov/member-data/members-official-x-handles-119th-congress
Democratic,Hank Johnson,GA,04,RepHankJohnson,,50,True,true,,dem065,https://pressgallery.house.gov/member-data/members-official-x-handles-119th-congress
Republican,Mike Johnson,LA,04,SpeakerJohnson,,50,True,true,,rep140,https://pressgallery.house.gov/member-data/members-official-x-handles-119th-congress
Democratic,Julie Johnson,TX,32,RepJulieJohnson,,50,True,true,,dem104,https://pressgallery.house.gov/member-data/members-official-x-handles-119th-congress
Republican,Jim Jordan,OH,04,Jim_Jordan,,50,True,true,,rep091,https://pressgallery.house.gov/member-data/members-official-x-handles-119th-congress
Republican,David Joyce,OH,14,RepDaveJoyce,,50,True,true,,rep056,https://pressgallery.house.gov/member-data/members-official-x-handles-119th-congress
Republican,John Joyce,PA,13,RepJohnJoyce,,50,True,true,,rep097,https://pressgallery.house.gov/member-data/members-official-x-handles-119th-congress
Democratic,Sydney Kamlager-Dove,CA,37,RepKamlagerDove,,50,True,true,,dem189,https://pressgallery.house.gov/member-data/members-official-x-handles-119th-congress
Democratic,Marcy Kaptur,OH,09,RepMarcyKaptur,,50,True,true,,dem128,https://pressgallery.house.gov/member-data/members-official-x-handles-119th-congress
Republican,Thomas Kean,NJ,07,CongressmanKean,,50,True,true,,rep187,https://pressgallery.house.gov/member-data/members-official-x-handles-119th-congress
Democratic,William Keating,MA,09,USRepKeating,,50,True,true,,dem202,https://pressgallery.house.gov/member-data/members-official-x-handles-119th-congress
Republican,Mike Kelly,PA,16,MikeKellyPA,,50,True,true,,rep141,https://pressgallery.house.gov/member-data/members-official-x-handles-119th-congress
Democratic,Robin Kelly,IL,02,RepRobinKelly,,50,True,true,,dem164,https://pressgallery.house.gov/member-data/members-official-x-handles-119th-congress
Republican,Trent Kelly,MS,01,RepTrentKelly,,50,True,true,,rep200,https://pressgallery.house.gov/member-data/members-official-x-handles-119th-congress
Republican,Mike Kennedy,UT,03,RepMikeKennedy,,50,True,true,,rep142,https://pressgallery.house.gov/member-data/members-official-x-handles-119th-congress
Democratic,Tim Kennedy,NY,26,RepTimKennedy,,50,True,true,,dem194,https://pressgallery.house.gov/member-data/members-official-x-handles-119th-congress
Democratic,Ro Khanna,CA,17,RepRoKhanna,,50,True,true,,dem160,https://pressgallery.house.gov/member-data/members-official-x-handles-119th-congress
Republican,Jennifer Kiggans,VA,02,RepKiggans,,0,False,false,,,https://pressgallery.house.gov/member-data/members-official-x-handles-119th-congress
Republican,Kevin Kiley,CA,03,RepKiley,,50,True,true,,rep110,https://pressgallery.house.gov/member-data/members-official-x-handles-119th-congress
Republican,Young Kim,CA,40,RepYoungKim,,50,True,true,,rep211,https://pressgallery.house.gov/member-data/members-official-x-handles-119th-congress
Republican,Brad Knott,NC,13,RepKnott,,50,True,true,,rep024,https://pressgallery.house.gov/member-data/members-official-x-handles-119th-congress
Democratic,Raja Krishnamoorthi,IL,08,CongressmanRaja,,50,True,true,,dem154,https://pressgallery.house.gov/member-data/members-official-x-handles-119th-congress
Republican,David Kustoff,TN,08,RepDavidKustoff,,50,True,true,,rep057,https://pressgallery.house.gov/member-data/members-official-x-handles-119th-congress
Republican,Darin LaHood,IL,16,RepLaHood,,50,True,true,,rep053,https://pressgallery.house.gov/member-data/members-official-x-handles-119th-congress
Republican,Nick LaLota,NY,01,RepLaLota,,50,True,true,,rep152,https://pressgallery.house.gov/member-data/members-official-x-handles-119th-congress
Democratic,Greg Landsman,OH,01,RepGregLandsman,,50,True,true,,dem059,https://pressgallery.house.gov/member-data/members-official-x-handles-119th-congress
Republican,Nicholas Langworthy,NY,23,RepLangworthy,,50,True,true,,rep150,https://pressgallery.house.gov/member-data/members-official-x-handles-119th-congress
Democratic,Rick Larsen,WA,02,RepRickLarsen,,50,True,true,,dem158,https://pressgallery.house.gov/member-data/members-official-x-handles-119th-congress
Democratic,John Larson,CT,01,RepJohnLarson,,50,True,true,,dem092,https://pressgallery.house.gov/member-data/members-official-x-handles-119th-congress
Democratic,George Latimer,NY,16,RepGLatimer,,50,True,true,,dem053,https://pressgallery.house.gov/member-data/members-official-x-handles-119th-congress
Republican,Robert Latta,OH,05,boblatta,,50,True,true,,rep169,https://pressgallery.house.gov/member-data/members-official-x-handles-119th-congress
Republican,Michael Lawler,NY,17,RepMikeLawler,,50,True,true,,rep128,https://pressgallery.house.gov/member-data/members-official-x-handles-119th-congress
Republican,Laurel Lee,FL,15,RepLaurelLee,,50,True,true,,rep111,https://pressgallery.house.gov/member-data/members-official-x-handles-119th-congress
Democratic,Summer Lee,PA,12,RepSummerLee,,50,True,true,,dem186,https://pressgallery.house.gov/member-data/members-official-x-handles-119th-congress
Democratic,Susie Lee,NV,03,RepSusieLee,,50,True,true,,dem187,https://pressgallery.house.gov/member-data/members-official-x-handles-119th-congress
Democratic,Teresa Leger Fernandez,NM,03,RepTeresaLF,,50,True,true,,dem192,https://pressgallery.house.gov/member-data/members-official-x-handles-119th-congress
Republican,Julia Letlow,LA,05,repjulialetlow,,50,True,true,,rep104,https://pressgallery.house.gov/member-data/members-official-x-handles-119th-congress
Democratic,Mike Levin,CA,49,RepMikeLevin,,50,True,true,,dem139,https://pressgallery.house.gov/member-data/members-official-x-handles-119th-congress
Democratic,Sam T. Liccardo,CA,16,RepLiccardo,,50,True,true,,dem167,https://pressgallery.house.gov/member-data/members-official-x-handles-119th-congress
Democratic,Ted Lieu,CA,36,RepTedLieu,,50,True,true,,dem191,https://pressgallery.house.gov/member-data/members-official-x-handles-119th-congress
Democratic,Zoe Lofgren,CA,18,RepZoeLofgren,,50,True,true,,dem205,https://pressgallery.house.gov/member-data/members-official-x-handles-119th-congress
Republican,Barry Loudermilk,GA,11,RepLoudermilk,,50,True,true,,rep016,https://pressgallery.house.gov/member-data/members-official-x-handles-119th-congress
Republican,Frank Lucas,OK,03,RepFrankLucas,,50,True,true,,rep070,https://pressgallery.house.gov/member-data/members-official-x-handles-119th-congress
Republican,Anna Paulina Luna,FL,13,RepLuna,,50,True,true,,rep012,https://pressgallery.house.gov/member-data/members-official-x-handles-119th-congress
Republican,Morgan Luttrell,TX,08,RepLuttrell,,50,True,true,,rep146,https://pressgallery.house.gov/member-data/members-official-x-handles-119th-congress
Democratic,Stephen Lynch,MA,08,RepStephenLynch,,50,True,true,,dem182,https://pressgallery.house.gov/member-data/members-official-x-handles-119th-congress
Republican,Nancy Mace,SC,01,RepNancyMace,,50,True,true,,rep147,https://pressgallery.house.gov/member-data/members-official-x-handles-119th-congress
Republican,Ryan Mackenzie,PA,07,RepMackenzie,,50,True,true,,rep177,https://pressgallery.house.gov/member-data/members-official-x-handles-119th-congress
Democratic,Seth Magaziner,RI,02,Rep_Magaziner,,50,True,true,,dem174,https://pressgallery.house.gov/member-data/members-official-x-handles-119th-congress
Republican,Nicole Malliotakis,NY,11,RepMalliotakis,,0,False,false,,,https://pressgallery.house.gov/member-data/members-official-x-handles-119th-congress
Republican,Celeste Maloy,UT,02,RepMaloyUtah,,50,True,true,,rep039,https://pressgallery.house.gov/member-data/members-official-x-handles-119th-congress
Republican,Tracey Mann,KS,01,RepMann,,50,True,true,,rep199,https://pressgallery.house.gov/member-data/members-official-x-handles-119th-congress
Democratic,John Mannion,NY,22,JohnMannionNY22,,32,True,true,,dem093,https://pressgallery.house.gov/member-data/members-official-x-handles-119th-congress
Republican,Thomas Massie,KY,04,RepThomasMassie,,50,True,true,,rep188,https://pressgallery.house.gov/member-data/members-official-x-handles-119th-congress
Republican,Brian Mast,FL,21,RepBrianMast,,50,True,true,,rep030,https://pressgallery.house.gov/member-data/members-official-x-handles-119th-congress
Democratic,Doris Matsui,CA,07,DorisMatsui,,50,True,true,,dem041,https://pressgallery.house.gov/member-data/members-official-x-handles-119th-congress
Democratic,Lucy McBath,GA,07,RepLucyMcBath,,50,True,true,,dem123,https://pressgallery.house.gov/member-data/members-official-x-handles-119th-congress
Democratic,Sarah McBride,DE,00,Rep_McBride,,50,True,true,,dem171,https://pressgallery.house.gov/member-data/members-official-x-handles-119th-congress
Republican,Michael McCaul,TX,10,RepMcCaul,,50,True,true,,rep129,https://pressgallery.house.gov/member-data/members-official-x-handles-119th-congress
Republican,Lisa McClain,MI,09,RepLisaMcClain,,50,True,true,,rep113,https://pressgallery.house.gov/member-data/members-official-x-handles-119th-congress
Democratic,April McClain Delaney,MD,06,RepAprilDelaney,,50,True,true,,dem012,https://pressgallery.house.gov/member-data/members-official-x-handles-119th-congress
Democratic,Jennifer McClellan,VA,04,RepMcClellan,,50,True,true,,dem081,https://pressgallery.house.gov/member-data/members-official-x-handles-119th-congress
Republican,Tom McClintock,CA,05,RepMcClintock,,50,True,true,,rep196,https://pressgallery.house.gov/member-data/members-official-x-handles-119th-congress
Democratic,Betty McCollum,MN,04,BettyMcCollum04,,50,True,true,,dem016,https://pressgallery.house.gov/member-data/members-official-x-handles-119th-congress
Republican,Richard McCormick,GA,06,RepMcCormick,,50,True,true,,rep164,https://pressgallery.house.gov/member-data/members-official-x-handles-119th-congress
Democratic,Kristen McDonald Rivet,MI,08,repkmr,,50,True,true,,dem110,https://pressgallery.house.gov/member-data/members-official-x-handles-119th-congress
Republican,Addison McDowell,NC,06,RepMcDowell,,50,True,true,,rep003,https://pressgallery.house.gov/member-data/members-official-x-handles-119th-congress
Democratic,Morgan McGarvey,KY,03,RepMcGarvey,,50,True,true,,dem142,https://pressgallery.house.gov/member-data/members-official-x-handles-119th-congress
Democratic,James McGovern,MA,02,RepMcGovern,,50,True,true,,dem072,https://pressgallery.house.gov/member-data/members-official-x-handles-119th-congress
Republican,John McGuire,VA,05,RepJohnMcGuire,,50,True,true,,rep098,https://pressgallery.house.gov/member-data/members-official-x-handles-119th-congress
Democratic,LaMonica McIver,NJ,10,RepLaMonica,,50,True,true,,dem112,https://pressgallery.house.gov/member-data/members-official-x-handles-119th-congress
Democratic,Gregory Meeks,NY,05,RepGregoryMeeks,,50,True,true,,dem061,https://pressgallery.house.gov/member-data/members-official-x-handles-119th-congress
Democratic,Analilia Mejia,NJ,11,RepAnalilia,,0,False,false,,,https://pressgallery.house.gov/member-data/members-official-x-handles-119th-congress
Democratic,Christian Menefee,TX,18,RepCDMenefee,,0,False,false,,,https://pressgallery.house.gov/member-data/members-official-x-handles-119th-congress
Democratic,Robert Menendez,NJ,08,RepMenendez,,50,True,true,,dem162,https://pressgallery.house.gov/member-data/members-official-x-handles-119th-congress
Democratic,Grace Meng,NY,06,RepGraceMeng,,50,True,true,,dem057,https://pressgallery.house.gov/member-data/members-official-x-handles-119th-congress
Republican,Mark Messmer,IN,08,RepMessmer,,50,True,true,,rep121,https://pressgallery.house.gov/member-data/members-official-x-handles-119th-congress
Republican,Daniel Meuser,PA,09,RepMeuser,,50,True,true,,rep051,https://pressgallery.house.gov/member-data/members-official-x-handles-119th-congress
Democratic,Kweisi Mfume,MD,07,RepKweisiMfume,,50,True,true,,dem111,https://pressgallery.house.gov/member-data/members-official-x-handles-119th-congress
Republican,Carol Miller,WV,01,RepCarolMiller,,50,True,true,,rep038,https://pressgallery.house.gov/member-data/members-official-x-handles-119th-congress
Republican,Mary Miller,IL,15,RepMaryMiller,,50,True,true,,rep123,https://pressgallery.house.gov/member-data/members-official-x-handles-119th-congress
Republican,Max Miller,OH,07,RepMaxMiller,,50,True,true,,rep124,https://pressgallery.house.gov/member-data/members-official-x-handles-119th-congress
Republican,Mariannette Miller-Meeks,IA,01,RepMMM,,50,True,true,,rep116,https://pressgallery.house.gov/member-data/members-official-x-handles-119th-congress
Republican,Cory Mills,FL,07,RepMillsPress,,50,True,true,,rep046,https://pressgallery.house.gov/member-data/members-official-x-handles-119th-congress
Democratic,Dave Min,CA,47,CongressMin,,50,True,true,,dem030,https://pressgallery.house.gov/member-data/members-official-x-handles-119th-congress
Republican,John Moolenaar,MI,02,RepMoolenaar,,27,True,true,,rep099,https://pressgallery.house.gov/member-data/members-official-x-handles-119th-congress
Republican,Barry Moore,AL,01,RepBarryMoore,,50,True,true,,rep017,https://pressgallery.house.gov/member-data/members-official-x-handles-119th-congress
Republican,Blake Moore,UT,01,RepBlakeMoore,,50,True,true,,rep021,https://pressgallery.house.gov/member-data/members-official-x-handles-119th-congress
Democratic,Gwen Moore,WI,04,RepGwenMoore,,50,True,true,,dem062,https://pressgallery.house.gov/member-data/members-official-x-handles-119th-congress
Republican,Riley Moore,WV,02,RepRileyMoore,,50,True,true,,rep166,https://pressgallery.house.gov/member-data/members-official-x-handles-119th-congress
Republican,Tim Moore,NC,14,RepTimMooreNC,,50,True,true,,rep191,https://pressgallery.house.gov/member-data/members-official-x-handles-119th-congress
Republican,Nathaniel Moran,TX,01,RepNateMoran,,50,True,true,,rep148,https://pressgallery.house.gov/member-data/members-official-x-handles-119th-congress
Democratic,Joseph Morelle,NY,25,RepJoeMorelle,,50,True,true,,dem096,https://pressgallery.house.gov/member-data/members-official-x-handles-119th-congress
Democratic,Kelly Morrison,MN,03,KellyMorrisonMN,,50,True,true,,dem107,https://pressgallery.house.gov/member-data/members-official-x-handles-119th-congress
Democratic,Jared Moskowitz,FL,23,RepMoskowitz,,50,True,true,,dem078,https://pressgallery.house.gov/member-data/members-official-x-handles-119th-congress
Democratic,Seth Moulton,MA,06,RepMoulton,,50,True,true,,dem175,https://pressgallery.house.gov/member-data/members-official-x-handles-119th-congress
Democratic,Frank Mrvan,IN,01,RepMrvan,,50,True,true,,dem048,https://pressgallery.house.gov/member-data/members-official-x-handles-119th-congress
Democratic,Kevin Mullin,CA,15,RepKevinMullin,,50,True,true,,dem108,https://pressgallery.house.gov/member-data/members-official-x-handles-119th-congress
Republican,Gregory Murphy,NC,03,RepGregMurphy,,50,True,true,,rep076,https://pressgallery.house.gov/member-data/members-official-x-handles-119th-congress
Democratic,Jerrold Nadler,NY,12,RepJerryNadler,,50,True,true,,dem082,https://pressgallery.house.gov/member-data/members-official-x-handles-119th-congress
Democratic,Richard Neal,MA,01,RepRichardNeal,,50,True,true,,dem157,https://pressgallery.house.gov/member-data/members-official-x-handles-119th-congress
Democratic,Joe Neguse,CO,02,RepJoeNeguse,,50,True,true,,dem090,https://pressgallery.house.gov/member-data/members-official-x-handles-119th-congress
Republican,Troy Nehls,TX,22,RepTroyNehls,,50,True,true,,rep203,https://pressgallery.house.gov/member-data/members-official-x-handles-119th-congress
Republican,Dan Newhouse,WA,04,RepNewhouse,,50,True,true,,rep050,https://pressgallery.house.gov/member-data/members-official-x-handles-119th-congress
Democratic,Donald Norcross,NJ,01,DonaldNorcross,,50,True,true,,dem040,https://pressgallery.house.gov/member-data/members-official-x-handles-119th-congress
Republican,Ralph Norman,SC,05,RepRalphNorman,,50,True,true,,rep158,https://pressgallery.house.gov/member-data/members-official-x-handles-119th-congress
Republican,Zachary Nunn,IA,03,ZachNunn,,50,True,true,,rep212,https://pressgallery.house.gov/member-data/members-official-x-handles-119th-congress
Republican,Jay Obernolte,CA,23,JayObernolte,,50,True,true,,rep086,https://pressgallery.house.gov/member-data/members-official-x-handles-119th-congress
Democratic,Alexandria Ocasio-Cortez,NY,14,RepAOC,,50,True,true,,dem006,https://pressgallery.house.gov/member-data/members-official-x-handles-119th-congress
Republican,Andrew Ogles,TN,05,RepOgles,,50,True,true,,rep007,https://pressgallery.house.gov/member-data/members-official-x-handles-119th-congress
Democratic,Johnny Olszewski,MD,02,RepJohnnyO,,50,True,true,,dem094,https://pressgallery.house.gov/member-data/members-official-x-handles-119th-congress
Democratic,Ilhan Omar,MN,05,Ilhan,,50,True,true,,dem069,https://pressgallery.house.gov/member-data/members-official-x-handles-119th-congress
Republican,Bob Onder,MO,03,RepBobOnder,,50,True,true,,rep022,https://pressgallery.house.gov/member-data/members-official-x-handles-119th-congress
Republican,Burgess Owens,UT,04,RepBurgessOwens,,50,True,true,,rep034,https://pressgallery.house.gov/member-data/members-official-x-handles-119th-congress
Democratic,Frank Pallone,NJ,06,FrankPallone,,50,True,true,,dem049,https://pressgallery.house.gov/member-data/members-official-x-handles-119th-congress
Republican,Gary Palmer,AL,06,USRepGaryPalmer,,50,True,true,,rep073,https://pressgallery.house.gov/member-data/members-official-x-handles-119th-congress
Democratic,Jimmy Panetta,CA,19,RepJimmyPanetta,,50,True,true,,dem087,https://pressgallery.house.gov/member-data/members-official-x-handles-119th-congress
Democratic,Chris Pappas,NH,01,RepChrisPappas,,50,True,true,,dem024,https://pressgallery.house.gov/member-data/members-official-x-handles-119th-congress
Republican,Jimmy Patronis,FL,01,PatronisFL,,50,True,true,,rep092,https://pressgallery.house.gov/member-data/members-official-x-handles-119th-congress
Democratic,Nancy Pelosi,CA,11,SpeakerPelosi,,50,True,true,,dem143,https://pressgallery.house.gov/member-data/members-official-x-handles-119th-congress
Republican,Scott Perry,PA,10,RepScottPerry,,50,True,true,,rep182,https://pressgallery.house.gov/member-data/members-official-x-handles-119th-congress
Democratic,Scott Peters,CA,50,RepScottPeters,,50,True,true,,dem172,https://pressgallery.house.gov/member-data/members-official-x-handles-119th-congress
Democratic,Brittany Pettersen,CO,07,RepPettersen,,50,True,true,,dem022,https://pressgallery.house.gov/member-data/members-official-x-handles-119th-congress
Republican,August Pfluger,TX,11,RepPfluger,,50,True,true,,rep014,https://pressgallery.house.gov/member-data/members-official-x-handles-119th-congress
Democratic,Chellie Pingree,ME,01,chelliepingree,,50,True,true,,dem023,https://pressgallery.house.gov/member-data/members-official-x-handles-119th-congress
Democratic,Mark Pocan,WI,02,repmarkpocan,,50,True,true,,dem132,https://pressgallery.house.gov/member-data/members-official-x-handles-119th-congress
Democratic,Nellie Pou,NJ,09,RepNellie,,50,True,true,,dem145,https://pressgallery.house.gov/member-data/members-official-x-handles-119th-congress
Democratic,Ayanna Pressley,MA,07,RepPressley,,50,True,true,,dem013,https://pressgallery.house.gov/member-data/members-official-x-handles-119th-congress
Democratic,Mike Quigley,IL,05,RepMikeQuigley,,50,True,true,,dem140,https://pressgallery.house.gov/member-data/members-official-x-handles-119th-congress
Democratic,Delia Ramirez,IL,03,repdeliaramirez,,50,True,true,,dem034,https://pressgallery.house.gov/member-data/members-official-x-handles-119th-congress
Democratic,Emily Randall,WA,06,RepEmilyRandall,,0,False,false,,,https://pressgallery.house.gov/member-data/members-official-x-handles-119th-congress
Democratic,Jamie Raskin,MD,08,RepRaskin,,50,True,true,,dem074,https://pressgallery.house.gov/member-data/members-official-x-handles-119th-congress
Republican,Guy Reschenthaler,PA,14,GReschenthaler,,50,True,true,,rep078,https://pressgallery.house.gov/member-data/members-official-x-handles-119th-congress
Democratic,Josh Riley,NY,19,RepRileyNY,,50,True,true,,dem099,https://pressgallery.house.gov/member-data/members-official-x-handles-119th-congress
Democratic,Luz Rivas,CA,29,RepLuzRivas,,50,True,true,,dem124,https://pressgallery.house.gov/member-data/members-official-x-handles-119th-congress
Republican,Harold Rogers,KY,05,RepHalRogers,,50,True,true,,rep079,https://pressgallery.house.gov/member-data/members-official-x-handles-119th-congress
Republican,Mike Rogers,AL,03,RepMikeRogersAL,,50,True,true,,rep143,https://pressgallery.house.gov/member-data/members-official-x-handles-119th-congress
Republican,John Rose,TN,06,RepJohnRose,,50,True,true,,rep100,https://pressgallery.house.gov/member-data/members-official-x-handles-119th-congress
Democratic,Deborah Ross,NC,02,RepDeborahRoss,,50,True,true,,dem033,https://pressgallery.house.gov/member-data/members-official-x-handles-119th-congress
Republican,David Rouzer,NC,07,RepDavidRouzer,,50,True,true,,rep058,https://pressgallery.house.gov/member-data/members-official-x-handles-119th-congress
Republican,Chip Roy,TX,21,RepChipRoy,,50,True,true,,rep041,https://pressgallery.house.gov/member-data/members-official-x-handles-119th-congress
Democratic,Raul Ruiz,CA,25,RepRaulRuizMD,,50,True,true,,dem156,https://pressgallery.house.gov/member-data/members-official-x-handles-119th-congress
Republican,Michael Rulli,OH,06,RepMichaelRulli,,50,True,true,,rep130,https://pressgallery.house.gov/member-data/members-official-x-handles-119th-congress
Republican,John Rutherford,FL,05,RepRutherfordFL,,50,True,true,,rep101,https://pressgallery.house.gov/member-data/members-official-x-handles-119th-congress
Democratic,Patrick Ryan,NY,18,RepPatRyanNY,,50,True,true,,dem150,https://pressgallery.house.gov/member-data/members-official-x-handles-119th-congress
Republican,Maria Salazar,FL,27,RepMariaSalazar,,50,True,true,,rep115,https://pressgallery.house.gov/member-data/members-official-x-handles-119th-congress
Democratic,Andrea Salinas,OR,06,RepSalinas,,50,True,true,,dem009,https://pressgallery.house.gov/member-data/members-official-x-handles-119th-congress
Democratic,Linda Sánchez,CA,38,RepLindaSanchez,,50,True,true,,dem117,https://pressgallery.house.gov/member-data/members-official-x-handles-119th-congress
Republican,Steve Scalise,LA,01,SteveScalise,,50,True,true,,rep185,https://pressgallery.house.gov/member-data/members-official-x-handles-119th-congress
Democratic,Mary Scanlon,PA,05,RepMGS,,50,True,true,,dem134,https://pressgallery.house.gov/member-data/members-official-x-handles-119th-congress
Democratic,Janice Schakowsky,IL,09,RepSchakowsky,,9,False,false,,,https://pressgallery.house.gov/member-data/members-official-x-handles-119th-congress
Republican,Derek Schmidt,KS,02,RepDerekSchmidt,,50,True,true,,rep061,https://pressgallery.house.gov/member-data/members-official-x-handles-119th-congress
Democratic,Bradley Schneider,IL,10,RepSchneider,,50,True,true,,dem020,https://pressgallery.house.gov/member-data/members-official-x-handles-119th-congress
Democratic,Hillary Scholten,MI,03,RepScholten,,50,True,true,,dem068,https://pressgallery.house.gov/member-data/members-official-x-handles-119th-congress
Democratic,Kim Schrier,WA,08,RepKimSchrier,,50,True,true,,dem109,https://pressgallery.house.gov/member-data/members-official-x-handles-119th-congress
Republican,David Schweikert,AZ,01,RepDavid,,50,True,true,,rep059,https://pressgallery.house.gov/member-data/members-official-x-handles-119th-congress
Republican,Austin Scott,GA,08,AustinScottGA08,,50,True,true,,rep015,https://pressgallery.house.gov/member-data/members-official-x-handles-119th-congress
Democratic,Robert Scott,VA,03,BobbyScott,,50,True,true,,dem163,https://pressgallery.house.gov/member-data/members-official-x-handles-119th-congress
Republican,Keith Self,TX,03,RepKeithSelf,,50,True,true,,rep107,https://pressgallery.house.gov/member-data/members-official-x-handles-119th-congress
Republican,Pete Sessions,TX,17,PeteSessions,,50,True,true,,rep156,https://pressgallery.house.gov/member-data/members-official-x-handles-119th-congress
Democratic,Terri Sewell,AL,07,RepTerriSewell,,50,True,true,,dem193,https://pressgallery.house.gov/member-data/members-official-x-handles-119th-congress
Democratic,Brad Sherman,CA,32,BradSherman,,50,True,true,,dem019,https://pressgallery.house.gov/member-data/members-official-x-handles-119th-congress
Republican,Jefferson Shreve,IN,06,RepShreve,,50,True,true,,rep089,https://pressgallery.house.gov/member-data/members-official-x-handles-119th-congress
Democratic,Lateefah Simon,CA,12,RepLSimon,,50,True,true,,dem113,https://pressgallery.house.gov/member-data/members-official-x-handles-119th-congress
Republican,Michael Simpson,ID,02,CongMikeSimpson,,50,True,true,,rep131,https://pressgallery.house.gov/member-data/members-official-x-handles-119th-congress
Democratic,Adam Smith,WA,09,RepAdamSmith,,50,True,true,,dem002,https://pressgallery.house.gov/member-data/members-official-x-handles-119th-congress
Republican,Adrian Smith,NE,03,RepAdrianSmith,,50,True,true,,rep004,https://pressgallery.house.gov/member-data/members-official-x-handles-119th-congress
Republican,Jason Smith,MO,08,RepJasonSmith,,50,True,true,,rep085,https://pressgallery.house.gov/member-data/members-official-x-handles-119th-congress
Republican,Lloyd Smucker,PA,11,RepSmucker,,50,True,true,,rep114,https://pressgallery.house.gov/member-data/members-official-x-handles-119th-congress
Democratic,Eric Sorensen,IL,17,RepEricSorensen,,50,True,true,,dem046,https://pressgallery.house.gov/member-data/members-official-x-handles-119th-congress
Democratic,Darren Soto,FL,09,RepDarrenSoto,,1,False,false,,,https://pressgallery.house.gov/member-data/members-official-x-handles-119th-congress
Republican,Victoria Spartz,IN,05,RepSpartz,,50,True,true,,rep205,https://pressgallery.house.gov/member-data/members-official-x-handles-119th-congress
Democratic,Melanie Stansbury,NM,01,Rep_Stansbury,,50,True,true,,dem138,https://pressgallery.house.gov/member-data/members-official-x-handles-119th-congress
Democratic,Greg Stanton,AZ,04,RepGregStanton,,50,True,true,,dem060,https://pressgallery.house.gov/member-data/members-official-x-handles-119th-congress
Republican,Pete Stauber,MN,08,RepPeteStauber,,50,True,true,,rep157,https://pressgallery.house.gov/member-data/members-official-x-handles-119th-congress
Republican,Elise Stefanik,NY,21,RepStefanik,,50,True,true,,rep067,https://pressgallery.house.gov/member-data/members-official-x-handles-119th-congress
Republican,Bryan Steil,WI,01,RepBryanSteil,,50,True,true,,rep032,https://pressgallery.house.gov/member-data/members-official-x-handles-119th-congress
Republican,W. Steube,FL,17,RepGregSteube,,50,True,true,,rep208,https://pressgallery.house.gov/member-data/members-official-x-handles-119th-congress
Democratic,Haley Stevens,MI,11,RepHaleyStevens,,50,True,true,,dem064,https://pressgallery.house.gov/member-data/members-official-x-handles-119th-congress
Democratic,Marilyn Strickland,WA,10,RepStricklandWA,,50,True,true,,dem130,https://pressgallery.house.gov/member-data/members-official-x-handles-119th-congress
Republican,Dale Strong,AL,05,RepDaleStrong,,50,True,true,,rep048,https://pressgallery.house.gov/member-data/members-official-x-handles-119th-congress
Republican,Marlin Stutzman,IN,03,RepStutzman,,50,True,true,,rep122,https://pressgallery.house.gov/member-data/members-official-x-handles-119th-congress
Democratic,Suhas Subramanyam,VA,10,RepSuhas,,50,True,true,,dem185,https://pressgallery.house.gov/member-data/members-official-x-handles-119th-congress
Democratic,Tom Suozzi,NY,03,RepTomSuozzi,,50,True,true,,dem195,https://pressgallery.house.gov/member-data/members-official-x-handles-119th-congress
Democratic,Emilia Sykes,OH,13,RepEmiliaSykes,,50,True,true,,dem045,https://pressgallery.house.gov/member-data/members-official-x-handles-119th-congress
Democratic,Mark Takano,CA,39,RepMarkTakano,,50,True,true,,dem133,https://pressgallery.house.gov/member-data/members-official-x-handles-119th-congress
Republican,Dave Taylor,OH,02,RepDaveTaylor,,50,True,true,,rep055,https://pressgallery.house.gov/member-data/members-official-x-handles-119th-congress
Republican,Claudia Tenney,NY,24,RepTenney,,50,True,true,,rep043,https://pressgallery.house.gov/member-data/members-official-x-handles-119th-congress
Democratic,Shri Thanedar,MI,13,RepShriThanedar,,50,True,true,,dem180,https://pressgallery.house.gov/member-data/members-official-x-handles-119th-congress
Democratic,Bennie Thompson,MS,02,BennieGThompson,,50,True,true,,dem015,https://pressgallery.house.gov/member-data/members-official-x-handles-119th-congress
Republican,Glenn Thompson,PA,15,CongressmanGT,,50,True,true,,rep075,https://pressgallery.house.gov/member-data/members-official-x-handles-119th-congress
Democratic,Mike Thompson,CA,04,RepThompson,,50,True,true,,dem141,https://pressgallery.house.gov/member-data/members-official-x-handles-119th-congress
Republican,Thomas Tiffany,WI,07,RepTiffany,,50,True,true,,rep189,https://pressgallery.house.gov/member-data/members-official-x-handles-119th-congress
Republican,William Timmons,SC,04,RepTimmons,,50,True,true,,rep210,https://pressgallery.house.gov/member-data/members-official-x-handles-119th-congress
Democratic,Dina Titus,NV,01,repdinatitus,,50,True,true,,dem037,https://pressgallery.house.gov/member-data/members-official-x-handles-119th-congress
Democratic,Rashida Tlaib,MI,12,RepRashida,,50,True,true,,dem155,https://pressgallery.house.gov/member-data/members-official-x-handles-119th-congress
Democratic,Jill Tokuda,HI,02,RepJillTokuda,,50,True,true,,dem084,https://pressgallery.house.gov/member-data/members-official-x-handles-119th-congress
Democratic,Paul Tonko,NY,20,RepPaulTonko,,50,True,true,,dem151,https://pressgallery.house.gov/member-data/members-official-x-handles-119th-congress
Democratic,Norma Torres,CA,35,NormaJTorres,,50,True,true,,dem148,https://pressgallery.house.gov/member-data/members-official-x-handles-119th-congress
Democratic,Ritchie Torres,NY,15,RepRitchie,,50,True,true,,dem159,https://pressgallery.house.gov/member-data/members-official-x-handles-119th-congress
Democratic,Lori Trahan,MA,03,RepLoriTrahan,,50,True,true,,dem121,https://pressgallery.house.gov/member-data/members-official-x-handles-119th-congress
Democratic,Derek Tran,CA,45,RepDerekTranCA,,50,True,true,,dem035,https://pressgallery.house.gov/member-data/members-official-x-handles-119th-congress
Republican,Michael Turner,OH,10,RepMikeTurner,,50,True,true,,rep132,https://pressgallery.house.gov/member-data/members-official-x-handles-119th-congress
Democratic,Lauren Underwood,IL,14,RepUnderwood,,50,True,true,,dem116,https://pressgallery.house.gov/member-data/members-official-x-handles-119th-congress
Republican,David Valadao,CA,22,RepDavidValadao,,50,True,true,,rep060,https://pressgallery.house.gov/member-data/members-official-x-handles-119th-congress
Republican,Jefferson Van Drew,NJ,02,Congressman_JVD,,50,True,true,,rep090,https://pressgallery.house.gov/member-data/members-official-x-handles-119th-congress
Republican,Beth Van Duyne,TX,24,RepBethVanDuyne,,50,True,true,,rep019,https://pressgallery.house.gov/member-data/members-official-x-handles-119th-congress
Republican,Matt Van Epps,TN,07,repvanepps,,15,False,false,,,https://pressgallery.house.gov/member-data/members-official-x-handles-119th-congress
Republican,Derrick Van Orden,WI,03,RepVanOrden,,50,True,true,,rep062,https://pressgallery.house.gov/member-data/members-official-x-handles-119th-congress
Democratic,Juan Vargas,CA,52,RepJuanVargas,,50,True,true,,dem101,https://pressgallery.house.gov/member-data/members-official-x-handles-119th-congress
Democratic,Gabe Vasquez,NM,02,RepGabeVasquez,,50,True,true,,dem052,https://pressgallery.house.gov/member-data/members-official-x-handles-119th-congress
Democratic,Marc Veasey,TX,33,RepVeasey,,50,True,true,,dem127,https://pressgallery.house.gov/member-data/members-official-x-handles-119th-congress
Democratic,Nydia Velázquez,NY,07,NydiaVelazquez,,50,True,true,,dem149,https://pressgallery.house.gov/member-data/members-official-x-handles-119th-congress
Democratic,Eugene Vindman,VA,07,RepVindman,,50,True,true,,dem047,https://pressgallery.house.gov/member-data/members-official-x-handles-119th-congress
Republican,Ann Wagner,MO,02,RepAnnWagner,,50,True,true,,rep011,https://pressgallery.house.gov/member-data/members-official-x-handles-119th-congress
Republican,Tim Walberg,MI,05,RepWalberg,,50,True,true,,rep192,https://pressgallery.house.gov/member-data/members-official-x-handles-119th-congress
Democratic,James Walkinshaw,VA,11,Rep_Walkinshaw,,50,True,true,,dem073,https://pressgallery.house.gov/member-data/members-official-x-handles-119th-congress
Democratic,Debbie Wasserman Schultz,FL,25,RepDWStweets,,50,True,true,,dem032,https://pressgallery.house.gov/member-data/members-official-x-handles-119th-congress
Democratic,Maxine Waters,CA,43,RepMaxineWaters,,49,True,true,,dem136,https://pressgallery.house.gov/member-data/members-official-x-handles-119th-congress
Democratic,Bonnie Watson Coleman,NJ,12,RepBonnie,,50,True,true,,dem018,https://pressgallery.house.gov/member-data/members-official-x-handles-119th-congress
Republican,Randy Weber,TX,14,TXRandy14,,50,True,true,,rep161,https://pressgallery.house.gov/member-data/members-official-x-handles-119th-congress
Republican,Daniel Webster,FL,11,RepWebster,,50,True,true,,rep052,https://pressgallery.house.gov/member-data/members-official-x-handles-119th-congress
Republican,Bruce Westerman,AR,04,RepWesterman,,50,True,true,,rep031,https://pressgallery.house.gov/member-data/members-official-x-handles-119th-congress
Democratic,George Whitesides,CA,27,Rep_Whitesides,,50,True,true,,dem054,https://pressgallery.house.gov/member-data/members-official-x-handles-119th-congress
Republican,Tony Wied,WI,08,RepTonyWied,,50,True,true,,rep198,https://pressgallery.house.gov/member-data/members-official-x-handles-119th-congress
Democratic,Nikema Williams,GA,05,RepNikema,,50,True,true,,dem146,https://pressgallery.house.gov/member-data/members-official-x-handles-119th-congress
Republican,Roger Williams,TX,25,RepRWilliams,,50,True,true,,rep171,https://pressgallery.house.gov/member-data/members-official-x-handles-119th-congress
Democratic,Frederica Wilson,FL,24,RepWilson,,50,True,true,,dem050,https://pressgallery.house.gov/member-data/members-official-x-handles-119th-congress
Republican,Joe Wilson,SC,02,RepJoeWilson,,50,True,true,,rep094,https://pressgallery.house.gov/member-data/members-official-x-handles-119th-congress
Republican,Robert Wittman,VA,01,RobWittman,,50,True,true,,rep170,https://pressgallery.house.gov/member-data/members-official-x-handles-119th-congress
Republican,Steve Womack,AR,03,rep_stevewomack,,50,True,true,,rep186,https://pressgallery.house.gov/member-data/members-official-x-handles-119th-congress
Republican,Rudy Yakym,IN,02,RepRudyYakym,,50,True,true,,rep174,https://pressgallery.house.gov/member-data/members-official-x-handles-119th-congress
Republican,Ryan Zinke,MT,01,RepRyanZinke,,50,True,true,,rep178,https://pressgallery.house.gov/member-data/members-official-x-handles-119th-congress
